"Language","original","english","czech","german","russian","polish","hungarian","italian","spanish","french","chinese","japanese","portuguese","chinesesimp",
"STR_MEDLBL_CHARCOALTABLETS","ACTIVATED CHARCOAL<br/>10 tablets. Swallow one at a time.<br/>What: Absorbent antipoison, strength 1 of 3.<br/>Use: early food poisoning from bad food or dirty water.<br/>Lasts: 5 min per tablet, stacks up to 30 min max<br/>Warning: Low toxicity (0.01 per dose).<br/>EXP 06/2020","ACTIVATED CHARCOAL<br/>10 tablets. Swallow one at a time.<br/>What: Absorbent antipoison, strength 1 of 3.<br/>Use: early food poisoning from bad food or dirty water.<br/>Lasts: 5 min per tablet, stacks up to 30 min max<br/>Warning: Low toxicity (0.01 per dose).<br/>EXP 06/2020","ACTIVATED CHARCOAL<br/>10 tablets. Swallow one at a time.<br/>What: Absorbent antipoison, strength 1 of 3.<br/>Use: early food poisoning from bad food or dirty water.<br/>Lasts: 5 min per tablet, stacks up to 30 min max<br/>Warning: Low toxicity (0.01 per dose).<br/>EXP 06/2020","ACTIVATED CHARCOAL<br/>10 tablets. Swallow one at a time.<br/>What: Absorbent antipoison, strength 1 of 3.<br/>Use: early food poisoning from bad food or dirty water.<br/>Lasts: 5 min per tablet, stacks up to 30 min max<br/>Warning: Low toxicity (0.01 per dose).<br/>EXP 06/2020","ACTIVATED CHARCOAL<br/>10 tablets. Swallow one at a time.<br/>What: Absorbent antipoison, strength 1 of 3.<br/>Use: early food poisoning from bad food or dirty water.<br/>Lasts: 5 min per tablet, stacks up to 30 min max<br/>Warning: Low toxicity (0.01 per dose).<br/>EXP 06/2020","ACTIVATED CHARCOAL<br/>10 tablets. Swallow one at a time.<br/>What: Absorbent antipoison, strength 1 of 3.<br/>Use: early food poisoning from bad food or dirty water.<br/>Lasts: 5 min per tablet, stacks up to 30 min max<br/>Warning: Low toxicity (0.01 per dose).<br/>EXP 06/2020","ACTIVATED CHARCOAL<br/>10 tablets. Swallow one at a time.<br/>What: Absorbent antipoison, strength 1 of 3.<br/>Use: early food poisoning from bad food or dirty water.<br/>Lasts: 5 min per tablet, stacks up to 30 min max<br/>Warning: Low toxicity (0.01 per dose).<br/>EXP 06/2020","ACTIVATED CHARCOAL<br/>10 tablets. Swallow one at a time.<br/>What: Absorbent antipoison, strength 1 of 3.<br/>Use: early food poisoning from bad food or dirty water.<br/>Lasts: 5 min per tablet, stacks up to 30 min max<br/>Warning: Low toxicity (0.01 per dose).<br/>EXP 06/2020","ACTIVATED CHARCOAL<br/>10 tablets. Swallow one at a time.<br/>What: Absorbent antipoison, strength 1 of 3.<br/>Use: early food poisoning from bad food or dirty water.<br/>Lasts: 5 min per tablet, stacks up to 30 min max<br/>Warning: Low toxicity (0.01 per dose).<br/>EXP 06/2020","ACTIVATED CHARCOAL<br/>10 tablets. Swallow one at a time.<br/>What: Absorbent antipoison, strength 1 of 3.<br/>Use: early food poisoning from bad food or dirty water.<br/>Lasts: 5 min per tablet, stacks up to 30 min max<br/>Warning: Low toxicity (0.01 per dose).<br/>EXP 06/2020","ACTIVATED CHARCOAL<br/>10 tablets. Swallow one at a time.<br/>What: Absorbent antipoison, strength 1 of 3.<br/>Use: early food poisoning from bad food or dirty water.<br/>Lasts: 5 min per tablet, stacks up to 30 min max<br/>Warning: Low toxicity (0.01 per dose).<br/>EXP 06/2020","ACTIVATED CHARCOAL<br/>10 tablets. Swallow one at a time.<br/>What: Absorbent antipoison, strength 1 of 3.<br/>Use: early food poisoning from bad food or dirty water.<br/>Lasts: 5 min per tablet, stacks up to 30 min max<br/>Warning: Low toxicity (0.01 per dose).<br/>EXP 06/2020","ACTIVATED CHARCOAL<br/>10 tablets. Swallow one at a time.<br/>What: Absorbent antipoison, strength 1 of 3.<br/>Use: early food poisoning from bad food or dirty water.<br/>Lasts: 5 min per tablet, stacks up to 30 min max<br/>Warning: Low toxicity (0.01 per dose).<br/>EXP 06/2020","ACTIVATED CHARCOAL<br/>10 tablets. Swallow one at a time.<br/>What: Absorbent antipoison, strength 1 of 3.<br/>Use: early food poisoning from bad food or dirty water.<br/>Lasts: 5 min per tablet, stacks up to 30 min max<br/>Warning: Low toxicity (0.01 per dose).<br/>EXP 06/2020",
"STR_MEDLBL_CHELATINGTABLETS","CHELATING TABLETS<br/>10 tablets. Swallow one at a time.<br/>What: Chelating antipoison, strength 2 of 3.<br/>Use: moderate food poisoning, heavy metal poisoning.<br/>Lasts: 10 min per tablet, stacks up to 30 min max<br/>Warning: Moderate toxicity (0.6 per dose). Do not stack doses.<br/>EXP 02/2019","CHELATING TABLETS<br/>10 tablets. Swallow one at a time.<br/>What: Chelating antipoison, strength 2 of 3.<br/>Use: moderate food poisoning, heavy metal poisoning.<br/>Lasts: 10 min per tablet, stacks up to 30 min max<br/>Warning: Moderate toxicity (0.6 per dose). Do not stack doses.<br/>EXP 02/2019","CHELATING TABLETS<br/>10 tablets. Swallow one at a time.<br/>What: Chelating antipoison, strength 2 of 3.<br/>Use: moderate food poisoning, heavy metal poisoning.<br/>Lasts: 10 min per tablet, stacks up to 30 min max<br/>Warning: Moderate toxicity (0.6 per dose). Do not stack doses.<br/>EXP 02/2019","CHELATING TABLETS<br/>10 tablets. Swallow one at a time.<br/>What: Chelating antipoison, strength 2 of 3.<br/>Use: moderate food poisoning, heavy metal poisoning.<br/>Lasts: 10 min per tablet, stacks up to 30 min max<br/>Warning: Moderate toxicity (0.6 per dose). Do not stack doses.<br/>EXP 02/2019","CHELATING TABLETS<br/>10 tablets. Swallow one at a time.<br/>What: Chelating antipoison, strength 2 of 3.<br/>Use: moderate food poisoning, heavy metal poisoning.<br/>Lasts: 10 min per tablet, stacks up to 30 min max<br/>Warning: Moderate toxicity (0.6 per dose). Do not stack doses.<br/>EXP 02/2019","CHELATING TABLETS<br/>10 tablets. Swallow one at a time.<br/>What: Chelating antipoison, strength 2 of 3.<br/>Use: moderate food poisoning, heavy metal poisoning.<br/>Lasts: 10 min per tablet, stacks up to 30 min max<br/>Warning: Moderate toxicity (0.6 per dose). Do not stack doses.<br/>EXP 02/2019","CHELATING TABLETS<br/>10 tablets. Swallow one at a time.<br/>What: Chelating antipoison, strength 2 of 3.<br/>Use: moderate food poisoning, heavy metal poisoning.<br/>Lasts: 10 min per tablet, stacks up to 30 min max<br/>Warning: Moderate toxicity (0.6 per dose). Do not stack doses.<br/>EXP 02/2019","CHELATING TABLETS<br/>10 tablets. Swallow one at a time.<br/>What: Chelating antipoison, strength 2 of 3.<br/>Use: moderate food poisoning, heavy metal poisoning.<br/>Lasts: 10 min per tablet, stacks up to 30 min max<br/>Warning: Moderate toxicity (0.6 per dose). Do not stack doses.<br/>EXP 02/2019","CHELATING TABLETS<br/>10 tablets. Swallow one at a time.<br/>What: Chelating antipoison, strength 2 of 3.<br/>Use: moderate food poisoning, heavy metal poisoning.<br/>Lasts: 10 min per tablet, stacks up to 30 min max<br/>Warning: Moderate toxicity (0.6 per dose). Do not stack doses.<br/>EXP 02/2019","CHELATING TABLETS<br/>10 tablets. Swallow one at a time.<br/>What: Chelating antipoison, strength 2 of 3.<br/>Use: moderate food poisoning, heavy metal poisoning.<br/>Lasts: 10 min per tablet, stacks up to 30 min max<br/>Warning: Moderate toxicity (0.6 per dose). Do not stack doses.<br/>EXP 02/2019","CHELATING TABLETS<br/>10 tablets. Swallow one at a time.<br/>What: Chelating antipoison, strength 2 of 3.<br/>Use: moderate food poisoning, heavy metal poisoning.<br/>Lasts: 10 min per tablet, stacks up to 30 min max<br/>Warning: Moderate toxicity (0.6 per dose). Do not stack doses.<br/>EXP 02/2019","CHELATING TABLETS<br/>10 tablets. Swallow one at a time.<br/>What: Chelating antipoison, strength 2 of 3.<br/>Use: moderate food poisoning, heavy metal poisoning.<br/>Lasts: 10 min per tablet, stacks up to 30 min max<br/>Warning: Moderate toxicity (0.6 per dose). Do not stack doses.<br/>EXP 02/2019","CHELATING TABLETS<br/>10 tablets. Swallow one at a time.<br/>What: Chelating antipoison, strength 2 of 3.<br/>Use: moderate food poisoning, heavy metal poisoning.<br/>Lasts: 10 min per tablet, stacks up to 30 min max<br/>Warning: Moderate toxicity (0.6 per dose). Do not stack doses.<br/>EXP 02/2019","CHELATING TABLETS<br/>10 tablets. Swallow one at a time.<br/>What: Chelating antipoison, strength 2 of 3.<br/>Use: moderate food poisoning, heavy metal poisoning.<br/>Lasts: 10 min per tablet, stacks up to 30 min max<br/>Warning: Moderate toxicity (0.6 per dose). Do not stack doses.<br/>EXP 02/2019",
"STR_MEDLBL_PAINKILLERTABLETS","CODEINE<br/>10 tablets. Swallow one at a time.<br/>What: Painkiller, strength 1 of 3.<br/>Use: mild pain from bruises and small wounds.<br/>Lasts: 5 min per tablet, stacks up to 30 min max<br/>Warning: Low toxicity (0.2 per dose). Safe if spaced out.<br/>EXP 09/2021","CODEINE<br/>10 tablets. Swallow one at a time.<br/>What: Painkiller, strength 1 of 3.<br/>Use: mild pain from bruises and small wounds.<br/>Lasts: 5 min per tablet, stacks up to 30 min max<br/>Warning: Low toxicity (0.2 per dose). Safe if spaced out.<br/>EXP 09/2021","CODEINE<br/>10 tablets. Swallow one at a time.<br/>What: Painkiller, strength 1 of 3.<br/>Use: mild pain from bruises and small wounds.<br/>Lasts: 5 min per tablet, stacks up to 30 min max<br/>Warning: Low toxicity (0.2 per dose). Safe if spaced out.<br/>EXP 09/2021","CODEINE<br/>10 tablets. Swallow one at a time.<br/>What: Painkiller, strength 1 of 3.<br/>Use: mild pain from bruises and small wounds.<br/>Lasts: 5 min per tablet, stacks up to 30 min max<br/>Warning: Low toxicity (0.2 per dose). Safe if spaced out.<br/>EXP 09/2021","CODEINE<br/>10 tablets. Swallow one at a time.<br/>What: Painkiller, strength 1 of 3.<br/>Use: mild pain from bruises and small wounds.<br/>Lasts: 5 min per tablet, stacks up to 30 min max<br/>Warning: Low toxicity (0.2 per dose). Safe if spaced out.<br/>EXP 09/2021","CODEINE<br/>10 tablets. Swallow one at a time.<br/>What: Painkiller, strength 1 of 3.<br/>Use: mild pain from bruises and small wounds.<br/>Lasts: 5 min per tablet, stacks up to 30 min max<br/>Warning: Low toxicity (0.2 per dose). Safe if spaced out.<br/>EXP 09/2021","CODEINE<br/>10 tablets. Swallow one at a time.<br/>What: Painkiller, strength 1 of 3.<br/>Use: mild pain from bruises and small wounds.<br/>Lasts: 5 min per tablet, stacks up to 30 min max<br/>Warning: Low toxicity (0.2 per dose). Safe if spaced out.<br/>EXP 09/2021","CODEINE<br/>10 tablets. Swallow one at a time.<br/>What: Painkiller, strength 1 of 3.<br/>Use: mild pain from bruises and small wounds.<br/>Lasts: 5 min per tablet, stacks up to 30 min max<br/>Warning: Low toxicity (0.2 per dose). Safe if spaced out.<br/>EXP 09/2021","CODEINE<br/>10 tablets. Swallow one at a time.<br/>What: Painkiller, strength 1 of 3.<br/>Use: mild pain from bruises and small wounds.<br/>Lasts: 5 min per tablet, stacks up to 30 min max<br/>Warning: Low toxicity (0.2 per dose). Safe if spaced out.<br/>EXP 09/2021","CODEINE<br/>10 tablets. Swallow one at a time.<br/>What: Painkiller, strength 1 of 3.<br/>Use: mild pain from bruises and small wounds.<br/>Lasts: 5 min per tablet, stacks up to 30 min max<br/>Warning: Low toxicity (0.2 per dose). Safe if spaced out.<br/>EXP 09/2021","CODEINE<br/>10 tablets. Swallow one at a time.<br/>What: Painkiller, strength 1 of 3.<br/>Use: mild pain from bruises and small wounds.<br/>Lasts: 5 min per tablet, stacks up to 30 min max<br/>Warning: Low toxicity (0.2 per dose). Safe if spaced out.<br/>EXP 09/2021","CODEINE<br/>10 tablets. Swallow one at a time.<br/>What: Painkiller, strength 1 of 3.<br/>Use: mild pain from bruises and small wounds.<br/>Lasts: 5 min per tablet, stacks up to 30 min max<br/>Warning: Low toxicity (0.2 per dose). Safe if spaced out.<br/>EXP 09/2021","CODEINE<br/>10 tablets. Swallow one at a time.<br/>What: Painkiller, strength 1 of 3.<br/>Use: mild pain from bruises and small wounds.<br/>Lasts: 5 min per tablet, stacks up to 30 min max<br/>Warning: Low toxicity (0.2 per dose). Safe if spaced out.<br/>EXP 09/2021","CODEINE<br/>10 tablets. Swallow one at a time.<br/>What: Painkiller, strength 1 of 3.<br/>Use: mild pain from bruises and small wounds.<br/>Lasts: 5 min per tablet, stacks up to 30 min max<br/>Warning: Low toxicity (0.2 per dose). Safe if spaced out.<br/>EXP 09/2021",
"STR_MEDLBL_TETRACYCLINEANTIBIOTICS","TETRACYCLINE<br/>10 tablets. Swallow one at a time.<br/>What: Antibiotic, strength 1 of 3.<br/>Use: early cold. Will not stop pneumonia.<br/>Lasts: 5 min per tablet, stacks up to 30 min max<br/>Warning: Moderate toxicity (0.45 per dose). Do not stack doses.<br/>EXP 12/2018","TETRACYCLINE<br/>10 tablets. Swallow one at a time.<br/>What: Antibiotic, strength 1 of 3.<br/>Use: early cold. Will not stop pneumonia.<br/>Lasts: 5 min per tablet, stacks up to 30 min max<br/>Warning: Moderate toxicity (0.45 per dose). Do not stack doses.<br/>EXP 12/2018","TETRACYCLINE<br/>10 tablets. Swallow one at a time.<br/>What: Antibiotic, strength 1 of 3.<br/>Use: early cold. Will not stop pneumonia.<br/>Lasts: 5 min per tablet, stacks up to 30 min max<br/>Warning: Moderate toxicity (0.45 per dose). Do not stack doses.<br/>EXP 12/2018","TETRACYCLINE<br/>10 tablets. Swallow one at a time.<br/>What: Antibiotic, strength 1 of 3.<br/>Use: early cold. Will not stop pneumonia.<br/>Lasts: 5 min per tablet, stacks up to 30 min max<br/>Warning: Moderate toxicity (0.45 per dose). Do not stack doses.<br/>EXP 12/2018","TETRACYCLINE<br/>10 tablets. Swallow one at a time.<br/>What: Antibiotic, strength 1 of 3.<br/>Use: early cold. Will not stop pneumonia.<br/>Lasts: 5 min per tablet, stacks up to 30 min max<br/>Warning: Moderate toxicity (0.45 per dose). Do not stack doses.<br/>EXP 12/2018","TETRACYCLINE<br/>10 tablets. Swallow one at a time.<br/>What: Antibiotic, strength 1 of 3.<br/>Use: early cold. Will not stop pneumonia.<br/>Lasts: 5 min per tablet, stacks up to 30 min max<br/>Warning: Moderate toxicity (0.45 per dose). Do not stack doses.<br/>EXP 12/2018","TETRACYCLINE<br/>10 tablets. Swallow one at a time.<br/>What: Antibiotic, strength 1 of 3.<br/>Use: early cold. Will not stop pneumonia.<br/>Lasts: 5 min per tablet, stacks up to 30 min max<br/>Warning: Moderate toxicity (0.45 per dose). Do not stack doses.<br/>EXP 12/2018","TETRACYCLINE<br/>10 tablets. Swallow one at a time.<br/>What: Antibiotic, strength 1 of 3.<br/>Use: early cold. Will not stop pneumonia.<br/>Lasts: 5 min per tablet, stacks up to 30 min max<br/>Warning: Moderate toxicity (0.45 per dose). Do not stack doses.<br/>EXP 12/2018","TETRACYCLINE<br/>10 tablets. Swallow one at a time.<br/>What: Antibiotic, strength 1 of 3.<br/>Use: early cold. Will not stop pneumonia.<br/>Lasts: 5 min per tablet, stacks up to 30 min max<br/>Warning: Moderate toxicity (0.45 per dose). Do not stack doses.<br/>EXP 12/2018","TETRACYCLINE<br/>10 tablets. Swallow one at a time.<br/>What: Antibiotic, strength 1 of 3.<br/>Use: early cold. Will not stop pneumonia.<br/>Lasts: 5 min per tablet, stacks up to 30 min max<br/>Warning: Moderate toxicity (0.45 per dose). Do not stack doses.<br/>EXP 12/2018","TETRACYCLINE<br/>10 tablets. Swallow one at a time.<br/>What: Antibiotic, strength 1 of 3.<br/>Use: early cold. Will not stop pneumonia.<br/>Lasts: 5 min per tablet, stacks up to 30 min max<br/>Warning: Moderate toxicity (0.45 per dose). Do not stack doses.<br/>EXP 12/2018","TETRACYCLINE<br/>10 tablets. Swallow one at a time.<br/>What: Antibiotic, strength 1 of 3.<br/>Use: early cold. Will not stop pneumonia.<br/>Lasts: 5 min per tablet, stacks up to 30 min max<br/>Warning: Moderate toxicity (0.45 per dose). Do not stack doses.<br/>EXP 12/2018","TETRACYCLINE<br/>10 tablets. Swallow one at a time.<br/>What: Antibiotic, strength 1 of 3.<br/>Use: early cold. Will not stop pneumonia.<br/>Lasts: 5 min per tablet, stacks up to 30 min max<br/>Warning: Moderate toxicity (0.45 per dose). Do not stack doses.<br/>EXP 12/2018","TETRACYCLINE<br/>10 tablets. Swallow one at a time.<br/>What: Antibiotic, strength 1 of 3.<br/>Use: early cold. Will not stop pneumonia.<br/>Lasts: 5 min per tablet, stacks up to 30 min max<br/>Warning: Moderate toxicity (0.45 per dose). Do not stack doses.<br/>EXP 12/2018",
"STR_MEDLBL_VITAMINBOTTLE","MULTIVITAMIN<br/>10 tablets. Swallow one at a time.<br/>What: Immune booster.<br/>Use: raising immunity so you catch fewer infections.<br/>Lasts: 2 min per tablet, stacks up to 30 min max<br/>Warning: Low toxicity (0.01 per dose).<br/>EXP 08/2022","MULTIVITAMIN<br/>10 tablets. Swallow one at a time.<br/>What: Immune booster.<br/>Use: raising immunity so you catch fewer infections.<br/>Lasts: 2 min per tablet, stacks up to 30 min max<br/>Warning: Low toxicity (0.01 per dose).<br/>EXP 08/2022","MULTIVITAMIN<br/>10 tablets. Swallow one at a time.<br/>What: Immune booster.<br/>Use: raising immunity so you catch fewer infections.<br/>Lasts: 2 min per tablet, stacks up to 30 min max<br/>Warning: Low toxicity (0.01 per dose).<br/>EXP 08/2022","MULTIVITAMIN<br/>10 tablets. Swallow one at a time.<br/>What: Immune booster.<br/>Use: raising immunity so you catch fewer infections.<br/>Lasts: 2 min per tablet, stacks up to 30 min max<br/>Warning: Low toxicity (0.01 per dose).<br/>EXP 08/2022","MULTIVITAMIN<br/>10 tablets. Swallow one at a time.<br/>What: Immune booster.<br/>Use: raising immunity so you catch fewer infections.<br/>Lasts: 2 min per tablet, stacks up to 30 min max<br/>Warning: Low toxicity (0.01 per dose).<br/>EXP 08/2022","MULTIVITAMIN<br/>10 tablets. Swallow one at a time.<br/>What: Immune booster.<br/>Use: raising immunity so you catch fewer infections.<br/>Lasts: 2 min per tablet, stacks up to 30 min max<br/>Warning: Low toxicity (0.01 per dose).<br/>EXP 08/2022","MULTIVITAMIN<br/>10 tablets. Swallow one at a time.<br/>What: Immune booster.<br/>Use: raising immunity so you catch fewer infections.<br/>Lasts: 2 min per tablet, stacks up to 30 min max<br/>Warning: Low toxicity (0.01 per dose).<br/>EXP 08/2022","MULTIVITAMIN<br/>10 tablets. Swallow one at a time.<br/>What: Immune booster.<br/>Use: raising immunity so you catch fewer infections.<br/>Lasts: 2 min per tablet, stacks up to 30 min max<br/>Warning: Low toxicity (0.01 per dose).<br/>EXP 08/2022","MULTIVITAMIN<br/>10 tablets. Swallow one at a time.<br/>What: Immune booster.<br/>Use: raising immunity so you catch fewer infections.<br/>Lasts: 2 min per tablet, stacks up to 30 min max<br/>Warning: Low toxicity (0.01 per dose).<br/>EXP 08/2022","MULTIVITAMIN<br/>10 tablets. Swallow one at a time.<br/>What: Immune booster.<br/>Use: raising immunity so you catch fewer infections.<br/>Lasts: 2 min per tablet, stacks up to 30 min max<br/>Warning: Low toxicity (0.01 per dose).<br/>EXP 08/2022","MULTIVITAMIN<br/>10 tablets. Swallow one at a time.<br/>What: Immune booster.<br/>Use: raising immunity so you catch fewer infections.<br/>Lasts: 2 min per tablet, stacks up to 30 min max<br/>Warning: Low toxicity (0.01 per dose).<br/>EXP 08/2022","MULTIVITAMIN<br/>10 tablets. Swallow one at a time.<br/>What: Immune booster.<br/>Use: raising immunity so you catch fewer infections.<br/>Lasts: 2 min per tablet, stacks up to 30 min max<br/>Warning: Low toxicity (0.01 per dose).<br/>EXP 08/2022","MULTIVITAMIN<br/>10 tablets. Swallow one at a time.<br/>What: Immune booster.<br/>Use: raising immunity so you catch fewer infections.<br/>Lasts: 2 min per tablet, stacks up to 30 min max<br/>Warning: Low toxicity (0.01 per dose).<br/>EXP 08/2022","MULTIVITAMIN<br/>10 tablets. Swallow one at a time.<br/>What: Immune booster.<br/>Use: raising immunity so you catch fewer infections.<br/>Lasts: 2 min per tablet, stacks up to 30 min max<br/>Warning: Low toxicity (0.01 per dose).<br/>EXP 08/2022",
"STR_MEDLBL_TERJEPILLSANALGIN","ANALGIN<br/>10 tablets. Swallow one at a time.<br/>What: Painkiller, strength 1 of 3.<br/>Use: mild pain from bruises and small wounds.<br/>Lasts: ~8 min per tablet, stacks up to 30 min max<br/>Warning: Low toxicity (0.15 per dose). Safe if spaced out.<br/>EXP 11/2021","ANALGIN<br/>10 tablets. Swallow one at a time.<br/>What: Painkiller, strength 1 of 3.<br/>Use: mild pain from bruises and small wounds.<br/>Lasts: ~8 min per tablet, stacks up to 30 min max<br/>Warning: Low toxicity (0.15 per dose). Safe if spaced out.<br/>EXP 11/2021","ANALGIN<br/>10 tablets. Swallow one at a time.<br/>What: Painkiller, strength 1 of 3.<br/>Use: mild pain from bruises and small wounds.<br/>Lasts: ~8 min per tablet, stacks up to 30 min max<br/>Warning: Low toxicity (0.15 per dose). Safe if spaced out.<br/>EXP 11/2021","ANALGIN<br/>10 tablets. Swallow one at a time.<br/>What: Painkiller, strength 1 of 3.<br/>Use: mild pain from bruises and small wounds.<br/>Lasts: ~8 min per tablet, stacks up to 30 min max<br/>Warning: Low toxicity (0.15 per dose). Safe if spaced out.<br/>EXP 11/2021","ANALGIN<br/>10 tablets. Swallow one at a time.<br/>What: Painkiller, strength 1 of 3.<br/>Use: mild pain from bruises and small wounds.<br/>Lasts: ~8 min per tablet, stacks up to 30 min max<br/>Warning: Low toxicity (0.15 per dose). Safe if spaced out.<br/>EXP 11/2021","ANALGIN<br/>10 tablets. Swallow one at a time.<br/>What: Painkiller, strength 1 of 3.<br/>Use: mild pain from bruises and small wounds.<br/>Lasts: ~8 min per tablet, stacks up to 30 min max<br/>Warning: Low toxicity (0.15 per dose). Safe if spaced out.<br/>EXP 11/2021","ANALGIN<br/>10 tablets. Swallow one at a time.<br/>What: Painkiller, strength 1 of 3.<br/>Use: mild pain from bruises and small wounds.<br/>Lasts: ~8 min per tablet, stacks up to 30 min max<br/>Warning: Low toxicity (0.15 per dose). Safe if spaced out.<br/>EXP 11/2021","ANALGIN<br/>10 tablets. Swallow one at a time.<br/>What: Painkiller, strength 1 of 3.<br/>Use: mild pain from bruises and small wounds.<br/>Lasts: ~8 min per tablet, stacks up to 30 min max<br/>Warning: Low toxicity (0.15 per dose). Safe if spaced out.<br/>EXP 11/2021","ANALGIN<br/>10 tablets. Swallow one at a time.<br/>What: Painkiller, strength 1 of 3.<br/>Use: mild pain from bruises and small wounds.<br/>Lasts: ~8 min per tablet, stacks up to 30 min max<br/>Warning: Low toxicity (0.15 per dose). Safe if spaced out.<br/>EXP 11/2021","ANALGIN<br/>10 tablets. Swallow one at a time.<br/>What: Painkiller, strength 1 of 3.<br/>Use: mild pain from bruises and small wounds.<br/>Lasts: ~8 min per tablet, stacks up to 30 min max<br/>Warning: Low toxicity (0.15 per dose). Safe if spaced out.<br/>EXP 11/2021","ANALGIN<br/>10 tablets. Swallow one at a time.<br/>What: Painkiller, strength 1 of 3.<br/>Use: mild pain from bruises and small wounds.<br/>Lasts: ~8 min per tablet, stacks up to 30 min max<br/>Warning: Low toxicity (0.15 per dose). Safe if spaced out.<br/>EXP 11/2021","ANALGIN<br/>10 tablets. Swallow one at a time.<br/>What: Painkiller, strength 1 of 3.<br/>Use: mild pain from bruises and small wounds.<br/>Lasts: ~8 min per tablet, stacks up to 30 min max<br/>Warning: Low toxicity (0.15 per dose). Safe if spaced out.<br/>EXP 11/2021","ANALGIN<br/>10 tablets. Swallow one at a time.<br/>What: Painkiller, strength 1 of 3.<br/>Use: mild pain from bruises and small wounds.<br/>Lasts: ~8 min per tablet, stacks up to 30 min max<br/>Warning: Low toxicity (0.15 per dose). Safe if spaced out.<br/>EXP 11/2021","ANALGIN<br/>10 tablets. Swallow one at a time.<br/>What: Painkiller, strength 1 of 3.<br/>Use: mild pain from bruises and small wounds.<br/>Lasts: ~8 min per tablet, stacks up to 30 min max<br/>Warning: Low toxicity (0.15 per dose). Safe if spaced out.<br/>EXP 11/2021",
"STR_MEDLBL_TERJEPILLSNIMESULID","NIMESULIDE<br/>10 tablets. Swallow one at a time.<br/>What: Painkiller, strength 1 of 3.<br/>Use: mild pain. Longest lasting of the weak painkillers.<br/>Lasts: 10 min per tablet, stacks up to 30 min max<br/>Warning: Low toxicity (0.25 per dose). Safe if spaced out.<br/>EXP 04/2020","NIMESULIDE<br/>10 tablets. Swallow one at a time.<br/>What: Painkiller, strength 1 of 3.<br/>Use: mild pain. Longest lasting of the weak painkillers.<br/>Lasts: 10 min per tablet, stacks up to 30 min max<br/>Warning: Low toxicity (0.25 per dose). Safe if spaced out.<br/>EXP 04/2020","NIMESULIDE<br/>10 tablets. Swallow one at a time.<br/>What: Painkiller, strength 1 of 3.<br/>Use: mild pain. Longest lasting of the weak painkillers.<br/>Lasts: 10 min per tablet, stacks up to 30 min max<br/>Warning: Low toxicity (0.25 per dose). Safe if spaced out.<br/>EXP 04/2020","NIMESULIDE<br/>10 tablets. Swallow one at a time.<br/>What: Painkiller, strength 1 of 3.<br/>Use: mild pain. Longest lasting of the weak painkillers.<br/>Lasts: 10 min per tablet, stacks up to 30 min max<br/>Warning: Low toxicity (0.25 per dose). Safe if spaced out.<br/>EXP 04/2020","NIMESULIDE<br/>10 tablets. Swallow one at a time.<br/>What: Painkiller, strength 1 of 3.<br/>Use: mild pain. Longest lasting of the weak painkillers.<br/>Lasts: 10 min per tablet, stacks up to 30 min max<br/>Warning: Low toxicity (0.25 per dose). Safe if spaced out.<br/>EXP 04/2020","NIMESULIDE<br/>10 tablets. Swallow one at a time.<br/>What: Painkiller, strength 1 of 3.<br/>Use: mild pain. Longest lasting of the weak painkillers.<br/>Lasts: 10 min per tablet, stacks up to 30 min max<br/>Warning: Low toxicity (0.25 per dose). Safe if spaced out.<br/>EXP 04/2020","NIMESULIDE<br/>10 tablets. Swallow one at a time.<br/>What: Painkiller, strength 1 of 3.<br/>Use: mild pain. Longest lasting of the weak painkillers.<br/>Lasts: 10 min per tablet, stacks up to 30 min max<br/>Warning: Low toxicity (0.25 per dose). Safe if spaced out.<br/>EXP 04/2020","NIMESULIDE<br/>10 tablets. Swallow one at a time.<br/>What: Painkiller, strength 1 of 3.<br/>Use: mild pain. Longest lasting of the weak painkillers.<br/>Lasts: 10 min per tablet, stacks up to 30 min max<br/>Warning: Low toxicity (0.25 per dose). Safe if spaced out.<br/>EXP 04/2020","NIMESULIDE<br/>10 tablets. Swallow one at a time.<br/>What: Painkiller, strength 1 of 3.<br/>Use: mild pain. Longest lasting of the weak painkillers.<br/>Lasts: 10 min per tablet, stacks up to 30 min max<br/>Warning: Low toxicity (0.25 per dose). Safe if spaced out.<br/>EXP 04/2020","NIMESULIDE<br/>10 tablets. Swallow one at a time.<br/>What: Painkiller, strength 1 of 3.<br/>Use: mild pain. Longest lasting of the weak painkillers.<br/>Lasts: 10 min per tablet, stacks up to 30 min max<br/>Warning: Low toxicity (0.25 per dose). Safe if spaced out.<br/>EXP 04/2020","NIMESULIDE<br/>10 tablets. Swallow one at a time.<br/>What: Painkiller, strength 1 of 3.<br/>Use: mild pain. Longest lasting of the weak painkillers.<br/>Lasts: 10 min per tablet, stacks up to 30 min max<br/>Warning: Low toxicity (0.25 per dose). Safe if spaced out.<br/>EXP 04/2020","NIMESULIDE<br/>10 tablets. Swallow one at a time.<br/>What: Painkiller, strength 1 of 3.<br/>Use: mild pain. Longest lasting of the weak painkillers.<br/>Lasts: 10 min per tablet, stacks up to 30 min max<br/>Warning: Low toxicity (0.25 per dose). Safe if spaced out.<br/>EXP 04/2020","NIMESULIDE<br/>10 tablets. Swallow one at a time.<br/>What: Painkiller, strength 1 of 3.<br/>Use: mild pain. Longest lasting of the weak painkillers.<br/>Lasts: 10 min per tablet, stacks up to 30 min max<br/>Warning: Low toxicity (0.25 per dose). Safe if spaced out.<br/>EXP 04/2020","NIMESULIDE<br/>10 tablets. Swallow one at a time.<br/>What: Painkiller, strength 1 of 3.<br/>Use: mild pain. Longest lasting of the weak painkillers.<br/>Lasts: 10 min per tablet, stacks up to 30 min max<br/>Warning: Low toxicity (0.25 per dose). Safe if spaced out.<br/>EXP 04/2020",
"STR_MEDLBL_TERJEPILLSPARACETAMOL","PARACETAMOL<br/>10 tablets. Swallow one at a time.<br/>What: Painkiller strength 1 of 3 plus antibiotic strength 1 of 3.<br/>Use: mild pain and early cold at the same time.<br/>Lasts: ~3 min pain, 2 min antibiotic, per tablet<br/>Warning: Moderate toxicity (0.45 per dose). Do not stack doses.<br/>EXP 07/2019","PARACETAMOL<br/>10 tablets. Swallow one at a time.<br/>What: Painkiller strength 1 of 3 plus antibiotic strength 1 of 3.<br/>Use: mild pain and early cold at the same time.<br/>Lasts: ~3 min pain, 2 min antibiotic, per tablet<br/>Warning: Moderate toxicity (0.45 per dose). Do not stack doses.<br/>EXP 07/2019","PARACETAMOL<br/>10 tablets. Swallow one at a time.<br/>What: Painkiller strength 1 of 3 plus antibiotic strength 1 of 3.<br/>Use: mild pain and early cold at the same time.<br/>Lasts: ~3 min pain, 2 min antibiotic, per tablet<br/>Warning: Moderate toxicity (0.45 per dose). Do not stack doses.<br/>EXP 07/2019","PARACETAMOL<br/>10 tablets. Swallow one at a time.<br/>What: Painkiller strength 1 of 3 plus antibiotic strength 1 of 3.<br/>Use: mild pain and early cold at the same time.<br/>Lasts: ~3 min pain, 2 min antibiotic, per tablet<br/>Warning: Moderate toxicity (0.45 per dose). Do not stack doses.<br/>EXP 07/2019","PARACETAMOL<br/>10 tablets. Swallow one at a time.<br/>What: Painkiller strength 1 of 3 plus antibiotic strength 1 of 3.<br/>Use: mild pain and early cold at the same time.<br/>Lasts: ~3 min pain, 2 min antibiotic, per tablet<br/>Warning: Moderate toxicity (0.45 per dose). Do not stack doses.<br/>EXP 07/2019","PARACETAMOL<br/>10 tablets. Swallow one at a time.<br/>What: Painkiller strength 1 of 3 plus antibiotic strength 1 of 3.<br/>Use: mild pain and early cold at the same time.<br/>Lasts: ~3 min pain, 2 min antibiotic, per tablet<br/>Warning: Moderate toxicity (0.45 per dose). Do not stack doses.<br/>EXP 07/2019","PARACETAMOL<br/>10 tablets. Swallow one at a time.<br/>What: Painkiller strength 1 of 3 plus antibiotic strength 1 of 3.<br/>Use: mild pain and early cold at the same time.<br/>Lasts: ~3 min pain, 2 min antibiotic, per tablet<br/>Warning: Moderate toxicity (0.45 per dose). Do not stack doses.<br/>EXP 07/2019","PARACETAMOL<br/>10 tablets. Swallow one at a time.<br/>What: Painkiller strength 1 of 3 plus antibiotic strength 1 of 3.<br/>Use: mild pain and early cold at the same time.<br/>Lasts: ~3 min pain, 2 min antibiotic, per tablet<br/>Warning: Moderate toxicity (0.45 per dose). Do not stack doses.<br/>EXP 07/2019","PARACETAMOL<br/>10 tablets. Swallow one at a time.<br/>What: Painkiller strength 1 of 3 plus antibiotic strength 1 of 3.<br/>Use: mild pain and early cold at the same time.<br/>Lasts: ~3 min pain, 2 min antibiotic, per tablet<br/>Warning: Moderate toxicity (0.45 per dose). Do not stack doses.<br/>EXP 07/2019","PARACETAMOL<br/>10 tablets. Swallow one at a time.<br/>What: Painkiller strength 1 of 3 plus antibiotic strength 1 of 3.<br/>Use: mild pain and early cold at the same time.<br/>Lasts: ~3 min pain, 2 min antibiotic, per tablet<br/>Warning: Moderate toxicity (0.45 per dose). Do not stack doses.<br/>EXP 07/2019","PARACETAMOL<br/>10 tablets. Swallow one at a time.<br/>What: Painkiller strength 1 of 3 plus antibiotic strength 1 of 3.<br/>Use: mild pain and early cold at the same time.<br/>Lasts: ~3 min pain, 2 min antibiotic, per tablet<br/>Warning: Moderate toxicity (0.45 per dose). Do not stack doses.<br/>EXP 07/2019","PARACETAMOL<br/>10 tablets. Swallow one at a time.<br/>What: Painkiller strength 1 of 3 plus antibiotic strength 1 of 3.<br/>Use: mild pain and early cold at the same time.<br/>Lasts: ~3 min pain, 2 min antibiotic, per tablet<br/>Warning: Moderate toxicity (0.45 per dose). Do not stack doses.<br/>EXP 07/2019","PARACETAMOL<br/>10 tablets. Swallow one at a time.<br/>What: Painkiller strength 1 of 3 plus antibiotic strength 1 of 3.<br/>Use: mild pain and early cold at the same time.<br/>Lasts: ~3 min pain, 2 min antibiotic, per tablet<br/>Warning: Moderate toxicity (0.45 per dose). Do not stack doses.<br/>EXP 07/2019","PARACETAMOL<br/>10 tablets. Swallow one at a time.<br/>What: Painkiller strength 1 of 3 plus antibiotic strength 1 of 3.<br/>Use: mild pain and early cold at the same time.<br/>Lasts: ~3 min pain, 2 min antibiotic, per tablet<br/>Warning: Moderate toxicity (0.45 per dose). Do not stack doses.<br/>EXP 07/2019",
"STR_MEDLBL_TERJEPILLSIBUPROFEN","IBUPROFEN<br/>10 tablets. Swallow one at a time.<br/>What: Painkiller strength 1 of 3 plus antibiotic strength 2 of 3.<br/>Use: mild pain and cold up to pneumonia.<br/>Lasts: 10 min pain, 5 min antibiotic, per tablet<br/>Warning: Moderate toxicity (0.35 per dose). Do not stack doses.<br/>EXP 03/2021","IBUPROFEN<br/>10 tablets. Swallow one at a time.<br/>What: Painkiller strength 1 of 3 plus antibiotic strength 2 of 3.<br/>Use: mild pain and cold up to pneumonia.<br/>Lasts: 10 min pain, 5 min antibiotic, per tablet<br/>Warning: Moderate toxicity (0.35 per dose). Do not stack doses.<br/>EXP 03/2021","IBUPROFEN<br/>10 tablets. Swallow one at a time.<br/>What: Painkiller strength 1 of 3 plus antibiotic strength 2 of 3.<br/>Use: mild pain and cold up to pneumonia.<br/>Lasts: 10 min pain, 5 min antibiotic, per tablet<br/>Warning: Moderate toxicity (0.35 per dose). Do not stack doses.<br/>EXP 03/2021","IBUPROFEN<br/>10 tablets. Swallow one at a time.<br/>What: Painkiller strength 1 of 3 plus antibiotic strength 2 of 3.<br/>Use: mild pain and cold up to pneumonia.<br/>Lasts: 10 min pain, 5 min antibiotic, per tablet<br/>Warning: Moderate toxicity (0.35 per dose). Do not stack doses.<br/>EXP 03/2021","IBUPROFEN<br/>10 tablets. Swallow one at a time.<br/>What: Painkiller strength 1 of 3 plus antibiotic strength 2 of 3.<br/>Use: mild pain and cold up to pneumonia.<br/>Lasts: 10 min pain, 5 min antibiotic, per tablet<br/>Warning: Moderate toxicity (0.35 per dose). Do not stack doses.<br/>EXP 03/2021","IBUPROFEN<br/>10 tablets. Swallow one at a time.<br/>What: Painkiller strength 1 of 3 plus antibiotic strength 2 of 3.<br/>Use: mild pain and cold up to pneumonia.<br/>Lasts: 10 min pain, 5 min antibiotic, per tablet<br/>Warning: Moderate toxicity (0.35 per dose). Do not stack doses.<br/>EXP 03/2021","IBUPROFEN<br/>10 tablets. Swallow one at a time.<br/>What: Painkiller strength 1 of 3 plus antibiotic strength 2 of 3.<br/>Use: mild pain and cold up to pneumonia.<br/>Lasts: 10 min pain, 5 min antibiotic, per tablet<br/>Warning: Moderate toxicity (0.35 per dose). Do not stack doses.<br/>EXP 03/2021","IBUPROFEN<br/>10 tablets. Swallow one at a time.<br/>What: Painkiller strength 1 of 3 plus antibiotic strength 2 of 3.<br/>Use: mild pain and cold up to pneumonia.<br/>Lasts: 10 min pain, 5 min antibiotic, per tablet<br/>Warning: Moderate toxicity (0.35 per dose). Do not stack doses.<br/>EXP 03/2021","IBUPROFEN<br/>10 tablets. Swallow one at a time.<br/>What: Painkiller strength 1 of 3 plus antibiotic strength 2 of 3.<br/>Use: mild pain and cold up to pneumonia.<br/>Lasts: 10 min pain, 5 min antibiotic, per tablet<br/>Warning: Moderate toxicity (0.35 per dose). Do not stack doses.<br/>EXP 03/2021","IBUPROFEN<br/>10 tablets. Swallow one at a time.<br/>What: Painkiller strength 1 of 3 plus antibiotic strength 2 of 3.<br/>Use: mild pain and cold up to pneumonia.<br/>Lasts: 10 min pain, 5 min antibiotic, per tablet<br/>Warning: Moderate toxicity (0.35 per dose). Do not stack doses.<br/>EXP 03/2021","IBUPROFEN<br/>10 tablets. Swallow one at a time.<br/>What: Painkiller strength 1 of 3 plus antibiotic strength 2 of 3.<br/>Use: mild pain and cold up to pneumonia.<br/>Lasts: 10 min pain, 5 min antibiotic, per tablet<br/>Warning: Moderate toxicity (0.35 per dose). Do not stack doses.<br/>EXP 03/2021","IBUPROFEN<br/>10 tablets. Swallow one at a time.<br/>What: Painkiller strength 1 of 3 plus antibiotic strength 2 of 3.<br/>Use: mild pain and cold up to pneumonia.<br/>Lasts: 10 min pain, 5 min antibiotic, per tablet<br/>Warning: Moderate toxicity (0.35 per dose). Do not stack doses.<br/>EXP 03/2021","IBUPROFEN<br/>10 tablets. Swallow one at a time.<br/>What: Painkiller strength 1 of 3 plus antibiotic strength 2 of 3.<br/>Use: mild pain and cold up to pneumonia.<br/>Lasts: 10 min pain, 5 min antibiotic, per tablet<br/>Warning: Moderate toxicity (0.35 per dose). Do not stack doses.<br/>EXP 03/2021","IBUPROFEN<br/>10 tablets. Swallow one at a time.<br/>What: Painkiller strength 1 of 3 plus antibiotic strength 2 of 3.<br/>Use: mild pain and cold up to pneumonia.<br/>Lasts: 10 min pain, 5 min antibiotic, per tablet<br/>Warning: Moderate toxicity (0.35 per dose). Do not stack doses.<br/>EXP 03/2021",
"STR_MEDLBL_TERJEPILLSNUROFEN","NUROFEN<br/>10 tablets. Swallow one at a time.<br/>What: Painkiller strength 1 of 3 plus antibiotic strength 2 of 3.<br/>Use: mild pain and cold up to pneumonia.<br/>Lasts: ~6 min pain, 5 min antibiotic, per tablet<br/>Warning: Moderate toxicity (0.52 per dose). Do not stack doses.<br/>EXP 10/2020","NUROFEN<br/>10 tablets. Swallow one at a time.<br/>What: Painkiller strength 1 of 3 plus antibiotic strength 2 of 3.<br/>Use: mild pain and cold up to pneumonia.<br/>Lasts: ~6 min pain, 5 min antibiotic, per tablet<br/>Warning: Moderate toxicity (0.52 per dose). Do not stack doses.<br/>EXP 10/2020","NUROFEN<br/>10 tablets. Swallow one at a time.<br/>What: Painkiller strength 1 of 3 plus antibiotic strength 2 of 3.<br/>Use: mild pain and cold up to pneumonia.<br/>Lasts: ~6 min pain, 5 min antibiotic, per tablet<br/>Warning: Moderate toxicity (0.52 per dose). Do not stack doses.<br/>EXP 10/2020","NUROFEN<br/>10 tablets. Swallow one at a time.<br/>What: Painkiller strength 1 of 3 plus antibiotic strength 2 of 3.<br/>Use: mild pain and cold up to pneumonia.<br/>Lasts: ~6 min pain, 5 min antibiotic, per tablet<br/>Warning: Moderate toxicity (0.52 per dose). Do not stack doses.<br/>EXP 10/2020","NUROFEN<br/>10 tablets. Swallow one at a time.<br/>What: Painkiller strength 1 of 3 plus antibiotic strength 2 of 3.<br/>Use: mild pain and cold up to pneumonia.<br/>Lasts: ~6 min pain, 5 min antibiotic, per tablet<br/>Warning: Moderate toxicity (0.52 per dose). Do not stack doses.<br/>EXP 10/2020","NUROFEN<br/>10 tablets. Swallow one at a time.<br/>What: Painkiller strength 1 of 3 plus antibiotic strength 2 of 3.<br/>Use: mild pain and cold up to pneumonia.<br/>Lasts: ~6 min pain, 5 min antibiotic, per tablet<br/>Warning: Moderate toxicity (0.52 per dose). Do not stack doses.<br/>EXP 10/2020","NUROFEN<br/>10 tablets. Swallow one at a time.<br/>What: Painkiller strength 1 of 3 plus antibiotic strength 2 of 3.<br/>Use: mild pain and cold up to pneumonia.<br/>Lasts: ~6 min pain, 5 min antibiotic, per tablet<br/>Warning: Moderate toxicity (0.52 per dose). Do not stack doses.<br/>EXP 10/2020","NUROFEN<br/>10 tablets. Swallow one at a time.<br/>What: Painkiller strength 1 of 3 plus antibiotic strength 2 of 3.<br/>Use: mild pain and cold up to pneumonia.<br/>Lasts: ~6 min pain, 5 min antibiotic, per tablet<br/>Warning: Moderate toxicity (0.52 per dose). Do not stack doses.<br/>EXP 10/2020","NUROFEN<br/>10 tablets. Swallow one at a time.<br/>What: Painkiller strength 1 of 3 plus antibiotic strength 2 of 3.<br/>Use: mild pain and cold up to pneumonia.<br/>Lasts: ~6 min pain, 5 min antibiotic, per tablet<br/>Warning: Moderate toxicity (0.52 per dose). Do not stack doses.<br/>EXP 10/2020","NUROFEN<br/>10 tablets. Swallow one at a time.<br/>What: Painkiller strength 1 of 3 plus antibiotic strength 2 of 3.<br/>Use: mild pain and cold up to pneumonia.<br/>Lasts: ~6 min pain, 5 min antibiotic, per tablet<br/>Warning: Moderate toxicity (0.52 per dose). Do not stack doses.<br/>EXP 10/2020","NUROFEN<br/>10 tablets. Swallow one at a time.<br/>What: Painkiller strength 1 of 3 plus antibiotic strength 2 of 3.<br/>Use: mild pain and cold up to pneumonia.<br/>Lasts: ~6 min pain, 5 min antibiotic, per tablet<br/>Warning: Moderate toxicity (0.52 per dose). Do not stack doses.<br/>EXP 10/2020","NUROFEN<br/>10 tablets. Swallow one at a time.<br/>What: Painkiller strength 1 of 3 plus antibiotic strength 2 of 3.<br/>Use: mild pain and cold up to pneumonia.<br/>Lasts: ~6 min pain, 5 min antibiotic, per tablet<br/>Warning: Moderate toxicity (0.52 per dose). Do not stack doses.<br/>EXP 10/2020","NUROFEN<br/>10 tablets. Swallow one at a time.<br/>What: Painkiller strength 1 of 3 plus antibiotic strength 2 of 3.<br/>Use: mild pain and cold up to pneumonia.<br/>Lasts: ~6 min pain, 5 min antibiotic, per tablet<br/>Warning: Moderate toxicity (0.52 per dose). Do not stack doses.<br/>EXP 10/2020","NUROFEN<br/>10 tablets. Swallow one at a time.<br/>What: Painkiller strength 1 of 3 plus antibiotic strength 2 of 3.<br/>Use: mild pain and cold up to pneumonia.<br/>Lasts: ~6 min pain, 5 min antibiotic, per tablet<br/>Warning: Moderate toxicity (0.52 per dose). Do not stack doses.<br/>EXP 10/2020",
"STR_MEDLBL_TERJEPILLSNOOPEPT","NOOPEPT<br/>10 tablets. Swallow one at a time.<br/>What: Nootropic. Painkiller strength 1 of 3 plus concussion treatment.<br/>Use: headache, dizziness and blurred vision after a blow to the head.<br/>Lasts: ~6 min per tablet, stacks up to 30 min max<br/>Warning: Moderate toxicity (0.35 per dose). Do not stack doses.<br/>EXP 01/2022","NOOPEPT<br/>10 tablets. Swallow one at a time.<br/>What: Nootropic. Painkiller strength 1 of 3 plus concussion treatment.<br/>Use: headache, dizziness and blurred vision after a blow to the head.<br/>Lasts: ~6 min per tablet, stacks up to 30 min max<br/>Warning: Moderate toxicity (0.35 per dose). Do not stack doses.<br/>EXP 01/2022","NOOPEPT<br/>10 tablets. Swallow one at a time.<br/>What: Nootropic. Painkiller strength 1 of 3 plus concussion treatment.<br/>Use: headache, dizziness and blurred vision after a blow to the head.<br/>Lasts: ~6 min per tablet, stacks up to 30 min max<br/>Warning: Moderate toxicity (0.35 per dose). Do not stack doses.<br/>EXP 01/2022","NOOPEPT<br/>10 tablets. Swallow one at a time.<br/>What: Nootropic. Painkiller strength 1 of 3 plus concussion treatment.<br/>Use: headache, dizziness and blurred vision after a blow to the head.<br/>Lasts: ~6 min per tablet, stacks up to 30 min max<br/>Warning: Moderate toxicity (0.35 per dose). Do not stack doses.<br/>EXP 01/2022","NOOPEPT<br/>10 tablets. Swallow one at a time.<br/>What: Nootropic. Painkiller strength 1 of 3 plus concussion treatment.<br/>Use: headache, dizziness and blurred vision after a blow to the head.<br/>Lasts: ~6 min per tablet, stacks up to 30 min max<br/>Warning: Moderate toxicity (0.35 per dose). Do not stack doses.<br/>EXP 01/2022","NOOPEPT<br/>10 tablets. Swallow one at a time.<br/>What: Nootropic. Painkiller strength 1 of 3 plus concussion treatment.<br/>Use: headache, dizziness and blurred vision after a blow to the head.<br/>Lasts: ~6 min per tablet, stacks up to 30 min max<br/>Warning: Moderate toxicity (0.35 per dose). Do not stack doses.<br/>EXP 01/2022","NOOPEPT<br/>10 tablets. Swallow one at a time.<br/>What: Nootropic. Painkiller strength 1 of 3 plus concussion treatment.<br/>Use: headache, dizziness and blurred vision after a blow to the head.<br/>Lasts: ~6 min per tablet, stacks up to 30 min max<br/>Warning: Moderate toxicity (0.35 per dose). Do not stack doses.<br/>EXP 01/2022","NOOPEPT<br/>10 tablets. Swallow one at a time.<br/>What: Nootropic. Painkiller strength 1 of 3 plus concussion treatment.<br/>Use: headache, dizziness and blurred vision after a blow to the head.<br/>Lasts: ~6 min per tablet, stacks up to 30 min max<br/>Warning: Moderate toxicity (0.35 per dose). Do not stack doses.<br/>EXP 01/2022","NOOPEPT<br/>10 tablets. Swallow one at a time.<br/>What: Nootropic. Painkiller strength 1 of 3 plus concussion treatment.<br/>Use: headache, dizziness and blurred vision after a blow to the head.<br/>Lasts: ~6 min per tablet, stacks up to 30 min max<br/>Warning: Moderate toxicity (0.35 per dose). Do not stack doses.<br/>EXP 01/2022","NOOPEPT<br/>10 tablets. Swallow one at a time.<br/>What: Nootropic. Painkiller strength 1 of 3 plus concussion treatment.<br/>Use: headache, dizziness and blurred vision after a blow to the head.<br/>Lasts: ~6 min per tablet, stacks up to 30 min max<br/>Warning: Moderate toxicity (0.35 per dose). Do not stack doses.<br/>EXP 01/2022","NOOPEPT<br/>10 tablets. Swallow one at a time.<br/>What: Nootropic. Painkiller strength 1 of 3 plus concussion treatment.<br/>Use: headache, dizziness and blurred vision after a blow to the head.<br/>Lasts: ~6 min per tablet, stacks up to 30 min max<br/>Warning: Moderate toxicity (0.35 per dose). Do not stack doses.<br/>EXP 01/2022","NOOPEPT<br/>10 tablets. Swallow one at a time.<br/>What: Nootropic. Painkiller strength 1 of 3 plus concussion treatment.<br/>Use: headache, dizziness and blurred vision after a blow to the head.<br/>Lasts: ~6 min per tablet, stacks up to 30 min max<br/>Warning: Moderate toxicity (0.35 per dose). Do not stack doses.<br/>EXP 01/2022","NOOPEPT<br/>10 tablets. Swallow one at a time.<br/>What: Nootropic. Painkiller strength 1 of 3 plus concussion treatment.<br/>Use: headache, dizziness and blurred vision after a blow to the head.<br/>Lasts: ~6 min per tablet, stacks up to 30 min max<br/>Warning: Moderate toxicity (0.35 per dose). Do not stack doses.<br/>EXP 01/2022","NOOPEPT<br/>10 tablets. Swallow one at a time.<br/>What: Nootropic. Painkiller strength 1 of 3 plus concussion treatment.<br/>Use: headache, dizziness and blurred vision after a blow to the head.<br/>Lasts: ~6 min per tablet, stacks up to 30 min max<br/>Warning: Moderate toxicity (0.35 per dose). Do not stack doses.<br/>EXP 01/2022",
"STR_MEDLBL_TERJEPILLSAMIBAKTAM","AMIBACTAM<br/>10 tablets. Swallow one at a time.<br/>What: Antibiotic, strength 1 of 3.<br/>Use: early cold. Very short acting, take often.<br/>Lasts: 1 min per tablet, stacks up to 30 min max<br/>Warning: Low toxicity (0.05 per dose).<br/>EXP 05/2021","AMIBACTAM<br/>10 tablets. Swallow one at a time.<br/>What: Antibiotic, strength 1 of 3.<br/>Use: early cold. Very short acting, take often.<br/>Lasts: 1 min per tablet, stacks up to 30 min max<br/>Warning: Low toxicity (0.05 per dose).<br/>EXP 05/2021","AMIBACTAM<br/>10 tablets. Swallow one at a time.<br/>What: Antibiotic, strength 1 of 3.<br/>Use: early cold. Very short acting, take often.<br/>Lasts: 1 min per tablet, stacks up to 30 min max<br/>Warning: Low toxicity (0.05 per dose).<br/>EXP 05/2021","AMIBACTAM<br/>10 tablets. Swallow one at a time.<br/>What: Antibiotic, strength 1 of 3.<br/>Use: early cold. Very short acting, take often.<br/>Lasts: 1 min per tablet, stacks up to 30 min max<br/>Warning: Low toxicity (0.05 per dose).<br/>EXP 05/2021","AMIBACTAM<br/>10 tablets. Swallow one at a time.<br/>What: Antibiotic, strength 1 of 3.<br/>Use: early cold. Very short acting, take often.<br/>Lasts: 1 min per tablet, stacks up to 30 min max<br/>Warning: Low toxicity (0.05 per dose).<br/>EXP 05/2021","AMIBACTAM<br/>10 tablets. Swallow one at a time.<br/>What: Antibiotic, strength 1 of 3.<br/>Use: early cold. Very short acting, take often.<br/>Lasts: 1 min per tablet, stacks up to 30 min max<br/>Warning: Low toxicity (0.05 per dose).<br/>EXP 05/2021","AMIBACTAM<br/>10 tablets. Swallow one at a time.<br/>What: Antibiotic, strength 1 of 3.<br/>Use: early cold. Very short acting, take often.<br/>Lasts: 1 min per tablet, stacks up to 30 min max<br/>Warning: Low toxicity (0.05 per dose).<br/>EXP 05/2021","AMIBACTAM<br/>10 tablets. Swallow one at a time.<br/>What: Antibiotic, strength 1 of 3.<br/>Use: early cold. Very short acting, take often.<br/>Lasts: 1 min per tablet, stacks up to 30 min max<br/>Warning: Low toxicity (0.05 per dose).<br/>EXP 05/2021","AMIBACTAM<br/>10 tablets. Swallow one at a time.<br/>What: Antibiotic, strength 1 of 3.<br/>Use: early cold. Very short acting, take often.<br/>Lasts: 1 min per tablet, stacks up to 30 min max<br/>Warning: Low toxicity (0.05 per dose).<br/>EXP 05/2021","AMIBACTAM<br/>10 tablets. Swallow one at a time.<br/>What: Antibiotic, strength 1 of 3.<br/>Use: early cold. Very short acting, take often.<br/>Lasts: 1 min per tablet, stacks up to 30 min max<br/>Warning: Low toxicity (0.05 per dose).<br/>EXP 05/2021","AMIBACTAM<br/>10 tablets. Swallow one at a time.<br/>What: Antibiotic, strength 1 of 3.<br/>Use: early cold. Very short acting, take often.<br/>Lasts: 1 min per tablet, stacks up to 30 min max<br/>Warning: Low toxicity (0.05 per dose).<br/>EXP 05/2021","AMIBACTAM<br/>10 tablets. Swallow one at a time.<br/>What: Antibiotic, strength 1 of 3.<br/>Use: early cold. Very short acting, take often.<br/>Lasts: 1 min per tablet, stacks up to 30 min max<br/>Warning: Low toxicity (0.05 per dose).<br/>EXP 05/2021","AMIBACTAM<br/>10 tablets. Swallow one at a time.<br/>What: Antibiotic, strength 1 of 3.<br/>Use: early cold. Very short acting, take often.<br/>Lasts: 1 min per tablet, stacks up to 30 min max<br/>Warning: Low toxicity (0.05 per dose).<br/>EXP 05/2021","AMIBACTAM<br/>10 tablets. Swallow one at a time.<br/>What: Antibiotic, strength 1 of 3.<br/>Use: early cold. Very short acting, take often.<br/>Lasts: 1 min per tablet, stacks up to 30 min max<br/>Warning: Low toxicity (0.05 per dose).<br/>EXP 05/2021",
"STR_MEDLBL_TERJEPILLSAMOXICLAV","AMOXICLAV<br/>10 tablets. Swallow one at a time.<br/>What: Antibiotic, strength 2 of 3.<br/>Use: cold and pneumonia. Strongest oral antibiotic.<br/>Lasts: 20 min per tablet, stacks up to 30 min max<br/>Warning: High toxicity (0.75 per dose). Repeat doses risk overdose.<br/>EXP 02/2020","AMOXICLAV<br/>10 tablets. Swallow one at a time.<br/>What: Antibiotic, strength 2 of 3.<br/>Use: cold and pneumonia. Strongest oral antibiotic.<br/>Lasts: 20 min per tablet, stacks up to 30 min max<br/>Warning: High toxicity (0.75 per dose). Repeat doses risk overdose.<br/>EXP 02/2020","AMOXICLAV<br/>10 tablets. Swallow one at a time.<br/>What: Antibiotic, strength 2 of 3.<br/>Use: cold and pneumonia. Strongest oral antibiotic.<br/>Lasts: 20 min per tablet, stacks up to 30 min max<br/>Warning: High toxicity (0.75 per dose). Repeat doses risk overdose.<br/>EXP 02/2020","AMOXICLAV<br/>10 tablets. Swallow one at a time.<br/>What: Antibiotic, strength 2 of 3.<br/>Use: cold and pneumonia. Strongest oral antibiotic.<br/>Lasts: 20 min per tablet, stacks up to 30 min max<br/>Warning: High toxicity (0.75 per dose). Repeat doses risk overdose.<br/>EXP 02/2020","AMOXICLAV<br/>10 tablets. Swallow one at a time.<br/>What: Antibiotic, strength 2 of 3.<br/>Use: cold and pneumonia. Strongest oral antibiotic.<br/>Lasts: 20 min per tablet, stacks up to 30 min max<br/>Warning: High toxicity (0.75 per dose). Repeat doses risk overdose.<br/>EXP 02/2020","AMOXICLAV<br/>10 tablets. Swallow one at a time.<br/>What: Antibiotic, strength 2 of 3.<br/>Use: cold and pneumonia. Strongest oral antibiotic.<br/>Lasts: 20 min per tablet, stacks up to 30 min max<br/>Warning: High toxicity (0.75 per dose). Repeat doses risk overdose.<br/>EXP 02/2020","AMOXICLAV<br/>10 tablets. Swallow one at a time.<br/>What: Antibiotic, strength 2 of 3.<br/>Use: cold and pneumonia. Strongest oral antibiotic.<br/>Lasts: 20 min per tablet, stacks up to 30 min max<br/>Warning: High toxicity (0.75 per dose). Repeat doses risk overdose.<br/>EXP 02/2020","AMOXICLAV<br/>10 tablets. Swallow one at a time.<br/>What: Antibiotic, strength 2 of 3.<br/>Use: cold and pneumonia. Strongest oral antibiotic.<br/>Lasts: 20 min per tablet, stacks up to 30 min max<br/>Warning: High toxicity (0.75 per dose). Repeat doses risk overdose.<br/>EXP 02/2020","AMOXICLAV<br/>10 tablets. Swallow one at a time.<br/>What: Antibiotic, strength 2 of 3.<br/>Use: cold and pneumonia. Strongest oral antibiotic.<br/>Lasts: 20 min per tablet, stacks up to 30 min max<br/>Warning: High toxicity (0.75 per dose). Repeat doses risk overdose.<br/>EXP 02/2020","AMOXICLAV<br/>10 tablets. Swallow one at a time.<br/>What: Antibiotic, strength 2 of 3.<br/>Use: cold and pneumonia. Strongest oral antibiotic.<br/>Lasts: 20 min per tablet, stacks up to 30 min max<br/>Warning: High toxicity (0.75 per dose). Repeat doses risk overdose.<br/>EXP 02/2020","AMOXICLAV<br/>10 tablets. Swallow one at a time.<br/>What: Antibiotic, strength 2 of 3.<br/>Use: cold and pneumonia. Strongest oral antibiotic.<br/>Lasts: 20 min per tablet, stacks up to 30 min max<br/>Warning: High toxicity (0.75 per dose). Repeat doses risk overdose.<br/>EXP 02/2020","AMOXICLAV<br/>10 tablets. Swallow one at a time.<br/>What: Antibiotic, strength 2 of 3.<br/>Use: cold and pneumonia. Strongest oral antibiotic.<br/>Lasts: 20 min per tablet, stacks up to 30 min max<br/>Warning: High toxicity (0.75 per dose). Repeat doses risk overdose.<br/>EXP 02/2020","AMOXICLAV<br/>10 tablets. Swallow one at a time.<br/>What: Antibiotic, strength 2 of 3.<br/>Use: cold and pneumonia. Strongest oral antibiotic.<br/>Lasts: 20 min per tablet, stacks up to 30 min max<br/>Warning: High toxicity (0.75 per dose). Repeat doses risk overdose.<br/>EXP 02/2020","AMOXICLAV<br/>10 tablets. Swallow one at a time.<br/>What: Antibiotic, strength 2 of 3.<br/>Use: cold and pneumonia. Strongest oral antibiotic.<br/>Lasts: 20 min per tablet, stacks up to 30 min max<br/>Warning: High toxicity (0.75 per dose). Repeat doses risk overdose.<br/>EXP 02/2020",
"STR_MEDLBL_TERJEPILLSPIPERACYLIN","PIPERACILLIN<br/>10 tablets. Swallow one at a time.<br/>What: Antibiotic, strength 2 of 3.<br/>Use: cold and pneumonia.<br/>Lasts: ~18 min per tablet, stacks up to 30 min max<br/>Warning: Moderate toxicity (0.45 per dose). Do not stack doses.<br/>EXP 08/2019","PIPERACILLIN<br/>10 tablets. Swallow one at a time.<br/>What: Antibiotic, strength 2 of 3.<br/>Use: cold and pneumonia.<br/>Lasts: ~18 min per tablet, stacks up to 30 min max<br/>Warning: Moderate toxicity (0.45 per dose). Do not stack doses.<br/>EXP 08/2019","PIPERACILLIN<br/>10 tablets. Swallow one at a time.<br/>What: Antibiotic, strength 2 of 3.<br/>Use: cold and pneumonia.<br/>Lasts: ~18 min per tablet, stacks up to 30 min max<br/>Warning: Moderate toxicity (0.45 per dose). Do not stack doses.<br/>EXP 08/2019","PIPERACILLIN<br/>10 tablets. Swallow one at a time.<br/>What: Antibiotic, strength 2 of 3.<br/>Use: cold and pneumonia.<br/>Lasts: ~18 min per tablet, stacks up to 30 min max<br/>Warning: Moderate toxicity (0.45 per dose). Do not stack doses.<br/>EXP 08/2019","PIPERACILLIN<br/>10 tablets. Swallow one at a time.<br/>What: Antibiotic, strength 2 of 3.<br/>Use: cold and pneumonia.<br/>Lasts: ~18 min per tablet, stacks up to 30 min max<br/>Warning: Moderate toxicity (0.45 per dose). Do not stack doses.<br/>EXP 08/2019","PIPERACILLIN<br/>10 tablets. Swallow one at a time.<br/>What: Antibiotic, strength 2 of 3.<br/>Use: cold and pneumonia.<br/>Lasts: ~18 min per tablet, stacks up to 30 min max<br/>Warning: Moderate toxicity (0.45 per dose). Do not stack doses.<br/>EXP 08/2019","PIPERACILLIN<br/>10 tablets. Swallow one at a time.<br/>What: Antibiotic, strength 2 of 3.<br/>Use: cold and pneumonia.<br/>Lasts: ~18 min per tablet, stacks up to 30 min max<br/>Warning: Moderate toxicity (0.45 per dose). Do not stack doses.<br/>EXP 08/2019","PIPERACILLIN<br/>10 tablets. Swallow one at a time.<br/>What: Antibiotic, strength 2 of 3.<br/>Use: cold and pneumonia.<br/>Lasts: ~18 min per tablet, stacks up to 30 min max<br/>Warning: Moderate toxicity (0.45 per dose). Do not stack doses.<br/>EXP 08/2019","PIPERACILLIN<br/>10 tablets. Swallow one at a time.<br/>What: Antibiotic, strength 2 of 3.<br/>Use: cold and pneumonia.<br/>Lasts: ~18 min per tablet, stacks up to 30 min max<br/>Warning: Moderate toxicity (0.45 per dose). Do not stack doses.<br/>EXP 08/2019","PIPERACILLIN<br/>10 tablets. Swallow one at a time.<br/>What: Antibiotic, strength 2 of 3.<br/>Use: cold and pneumonia.<br/>Lasts: ~18 min per tablet, stacks up to 30 min max<br/>Warning: Moderate toxicity (0.45 per dose). Do not stack doses.<br/>EXP 08/2019","PIPERACILLIN<br/>10 tablets. Swallow one at a time.<br/>What: Antibiotic, strength 2 of 3.<br/>Use: cold and pneumonia.<br/>Lasts: ~18 min per tablet, stacks up to 30 min max<br/>Warning: Moderate toxicity (0.45 per dose). Do not stack doses.<br/>EXP 08/2019","PIPERACILLIN<br/>10 tablets. Swallow one at a time.<br/>What: Antibiotic, strength 2 of 3.<br/>Use: cold and pneumonia.<br/>Lasts: ~18 min per tablet, stacks up to 30 min max<br/>Warning: Moderate toxicity (0.45 per dose). Do not stack doses.<br/>EXP 08/2019","PIPERACILLIN<br/>10 tablets. Swallow one at a time.<br/>What: Antibiotic, strength 2 of 3.<br/>Use: cold and pneumonia.<br/>Lasts: ~18 min per tablet, stacks up to 30 min max<br/>Warning: Moderate toxicity (0.45 per dose). Do not stack doses.<br/>EXP 08/2019","PIPERACILLIN<br/>10 tablets. Swallow one at a time.<br/>What: Antibiotic, strength 2 of 3.<br/>Use: cold and pneumonia.<br/>Lasts: ~18 min per tablet, stacks up to 30 min max<br/>Warning: Moderate toxicity (0.45 per dose). Do not stack doses.<br/>EXP 08/2019",
"STR_MEDLBL_TERJEPILLSPOLISORB","POLYSORB<br/>10 tablets. Swallow one at a time.<br/>What: Absorbent antipoison, strength 1 of 3.<br/>Use: early food poisoning.<br/>Lasts: 5 min per tablet, stacks up to 30 min max<br/>Warning: Low toxicity (0.05 per dose).<br/>EXP 06/2022","POLYSORB<br/>10 tablets. Swallow one at a time.<br/>What: Absorbent antipoison, strength 1 of 3.<br/>Use: early food poisoning.<br/>Lasts: 5 min per tablet, stacks up to 30 min max<br/>Warning: Low toxicity (0.05 per dose).<br/>EXP 06/2022","POLYSORB<br/>10 tablets. Swallow one at a time.<br/>What: Absorbent antipoison, strength 1 of 3.<br/>Use: early food poisoning.<br/>Lasts: 5 min per tablet, stacks up to 30 min max<br/>Warning: Low toxicity (0.05 per dose).<br/>EXP 06/2022","POLYSORB<br/>10 tablets. Swallow one at a time.<br/>What: Absorbent antipoison, strength 1 of 3.<br/>Use: early food poisoning.<br/>Lasts: 5 min per tablet, stacks up to 30 min max<br/>Warning: Low toxicity (0.05 per dose).<br/>EXP 06/2022","POLYSORB<br/>10 tablets. Swallow one at a time.<br/>What: Absorbent antipoison, strength 1 of 3.<br/>Use: early food poisoning.<br/>Lasts: 5 min per tablet, stacks up to 30 min max<br/>Warning: Low toxicity (0.05 per dose).<br/>EXP 06/2022","POLYSORB<br/>10 tablets. Swallow one at a time.<br/>What: Absorbent antipoison, strength 1 of 3.<br/>Use: early food poisoning.<br/>Lasts: 5 min per tablet, stacks up to 30 min max<br/>Warning: Low toxicity (0.05 per dose).<br/>EXP 06/2022","POLYSORB<br/>10 tablets. Swallow one at a time.<br/>What: Absorbent antipoison, strength 1 of 3.<br/>Use: early food poisoning.<br/>Lasts: 5 min per tablet, stacks up to 30 min max<br/>Warning: Low toxicity (0.05 per dose).<br/>EXP 06/2022","POLYSORB<br/>10 tablets. Swallow one at a time.<br/>What: Absorbent antipoison, strength 1 of 3.<br/>Use: early food poisoning.<br/>Lasts: 5 min per tablet, stacks up to 30 min max<br/>Warning: Low toxicity (0.05 per dose).<br/>EXP 06/2022","POLYSORB<br/>10 tablets. Swallow one at a time.<br/>What: Absorbent antipoison, strength 1 of 3.<br/>Use: early food poisoning.<br/>Lasts: 5 min per tablet, stacks up to 30 min max<br/>Warning: Low toxicity (0.05 per dose).<br/>EXP 06/2022","POLYSORB<br/>10 tablets. Swallow one at a time.<br/>What: Absorbent antipoison, strength 1 of 3.<br/>Use: early food poisoning.<br/>Lasts: 5 min per tablet, stacks up to 30 min max<br/>Warning: Low toxicity (0.05 per dose).<br/>EXP 06/2022","POLYSORB<br/>10 tablets. Swallow one at a time.<br/>What: Absorbent antipoison, strength 1 of 3.<br/>Use: early food poisoning.<br/>Lasts: 5 min per tablet, stacks up to 30 min max<br/>Warning: Low toxicity (0.05 per dose).<br/>EXP 06/2022","POLYSORB<br/>10 tablets. Swallow one at a time.<br/>What: Absorbent antipoison, strength 1 of 3.<br/>Use: early food poisoning.<br/>Lasts: 5 min per tablet, stacks up to 30 min max<br/>Warning: Low toxicity (0.05 per dose).<br/>EXP 06/2022","POLYSORB<br/>10 tablets. Swallow one at a time.<br/>What: Absorbent antipoison, strength 1 of 3.<br/>Use: early food poisoning.<br/>Lasts: 5 min per tablet, stacks up to 30 min max<br/>Warning: Low toxicity (0.05 per dose).<br/>EXP 06/2022","POLYSORB<br/>10 tablets. Swallow one at a time.<br/>What: Absorbent antipoison, strength 1 of 3.<br/>Use: early food poisoning.<br/>Lasts: 5 min per tablet, stacks up to 30 min max<br/>Warning: Low toxicity (0.05 per dose).<br/>EXP 06/2022",
"STR_MEDLBL_TERJEPILLSFTALAZOL","PHTHALAZOLE<br/>10 tablets. Swallow one at a time.<br/>What: Antipoison, strength 1 of 3.<br/>Use: early food poisoning. Long acting.<br/>Lasts: 20 min per tablet, stacks up to 30 min max<br/>Warning: Low toxicity (0.25 per dose). Safe if spaced out.<br/>EXP 11/2019","PHTHALAZOLE<br/>10 tablets. Swallow one at a time.<br/>What: Antipoison, strength 1 of 3.<br/>Use: early food poisoning. Long acting.<br/>Lasts: 20 min per tablet, stacks up to 30 min max<br/>Warning: Low toxicity (0.25 per dose). Safe if spaced out.<br/>EXP 11/2019","PHTHALAZOLE<br/>10 tablets. Swallow one at a time.<br/>What: Antipoison, strength 1 of 3.<br/>Use: early food poisoning. Long acting.<br/>Lasts: 20 min per tablet, stacks up to 30 min max<br/>Warning: Low toxicity (0.25 per dose). Safe if spaced out.<br/>EXP 11/2019","PHTHALAZOLE<br/>10 tablets. Swallow one at a time.<br/>What: Antipoison, strength 1 of 3.<br/>Use: early food poisoning. Long acting.<br/>Lasts: 20 min per tablet, stacks up to 30 min max<br/>Warning: Low toxicity (0.25 per dose). Safe if spaced out.<br/>EXP 11/2019","PHTHALAZOLE<br/>10 tablets. Swallow one at a time.<br/>What: Antipoison, strength 1 of 3.<br/>Use: early food poisoning. Long acting.<br/>Lasts: 20 min per tablet, stacks up to 30 min max<br/>Warning: Low toxicity (0.25 per dose). Safe if spaced out.<br/>EXP 11/2019","PHTHALAZOLE<br/>10 tablets. Swallow one at a time.<br/>What: Antipoison, strength 1 of 3.<br/>Use: early food poisoning. Long acting.<br/>Lasts: 20 min per tablet, stacks up to 30 min max<br/>Warning: Low toxicity (0.25 per dose). Safe if spaced out.<br/>EXP 11/2019","PHTHALAZOLE<br/>10 tablets. Swallow one at a time.<br/>What: Antipoison, strength 1 of 3.<br/>Use: early food poisoning. Long acting.<br/>Lasts: 20 min per tablet, stacks up to 30 min max<br/>Warning: Low toxicity (0.25 per dose). Safe if spaced out.<br/>EXP 11/2019","PHTHALAZOLE<br/>10 tablets. Swallow one at a time.<br/>What: Antipoison, strength 1 of 3.<br/>Use: early food poisoning. Long acting.<br/>Lasts: 20 min per tablet, stacks up to 30 min max<br/>Warning: Low toxicity (0.25 per dose). Safe if spaced out.<br/>EXP 11/2019","PHTHALAZOLE<br/>10 tablets. Swallow one at a time.<br/>What: Antipoison, strength 1 of 3.<br/>Use: early food poisoning. Long acting.<br/>Lasts: 20 min per tablet, stacks up to 30 min max<br/>Warning: Low toxicity (0.25 per dose). Safe if spaced out.<br/>EXP 11/2019","PHTHALAZOLE<br/>10 tablets. Swallow one at a time.<br/>What: Antipoison, strength 1 of 3.<br/>Use: early food poisoning. Long acting.<br/>Lasts: 20 min per tablet, stacks up to 30 min max<br/>Warning: Low toxicity (0.25 per dose). Safe if spaced out.<br/>EXP 11/2019","PHTHALAZOLE<br/>10 tablets. Swallow one at a time.<br/>What: Antipoison, strength 1 of 3.<br/>Use: early food poisoning. Long acting.<br/>Lasts: 20 min per tablet, stacks up to 30 min max<br/>Warning: Low toxicity (0.25 per dose). Safe if spaced out.<br/>EXP 11/2019","PHTHALAZOLE<br/>10 tablets. Swallow one at a time.<br/>What: Antipoison, strength 1 of 3.<br/>Use: early food poisoning. Long acting.<br/>Lasts: 20 min per tablet, stacks up to 30 min max<br/>Warning: Low toxicity (0.25 per dose). Safe if spaced out.<br/>EXP 11/2019","PHTHALAZOLE<br/>10 tablets. Swallow one at a time.<br/>What: Antipoison, strength 1 of 3.<br/>Use: early food poisoning. Long acting.<br/>Lasts: 20 min per tablet, stacks up to 30 min max<br/>Warning: Low toxicity (0.25 per dose). Safe if spaced out.<br/>EXP 11/2019","PHTHALAZOLE<br/>10 tablets. Swallow one at a time.<br/>What: Antipoison, strength 1 of 3.<br/>Use: early food poisoning. Long acting.<br/>Lasts: 20 min per tablet, stacks up to 30 min max<br/>Warning: Low toxicity (0.25 per dose). Safe if spaced out.<br/>EXP 11/2019",
"STR_MEDLBL_TERJEPILLSMESALAZIN","MESALAZINE<br/>10 tablets. Swallow one at a time.<br/>What: Antipoison, strength 2 of 3.<br/>Use: moderate food poisoning with vomiting.<br/>Lasts: 10 min per tablet, stacks up to 30 min max<br/>Warning: Moderate toxicity (0.35 per dose). Do not stack doses.<br/>EXP 04/2021","MESALAZINE<br/>10 tablets. Swallow one at a time.<br/>What: Antipoison, strength 2 of 3.<br/>Use: moderate food poisoning with vomiting.<br/>Lasts: 10 min per tablet, stacks up to 30 min max<br/>Warning: Moderate toxicity (0.35 per dose). Do not stack doses.<br/>EXP 04/2021","MESALAZINE<br/>10 tablets. Swallow one at a time.<br/>What: Antipoison, strength 2 of 3.<br/>Use: moderate food poisoning with vomiting.<br/>Lasts: 10 min per tablet, stacks up to 30 min max<br/>Warning: Moderate toxicity (0.35 per dose). Do not stack doses.<br/>EXP 04/2021","MESALAZINE<br/>10 tablets. Swallow one at a time.<br/>What: Antipoison, strength 2 of 3.<br/>Use: moderate food poisoning with vomiting.<br/>Lasts: 10 min per tablet, stacks up to 30 min max<br/>Warning: Moderate toxicity (0.35 per dose). Do not stack doses.<br/>EXP 04/2021","MESALAZINE<br/>10 tablets. Swallow one at a time.<br/>What: Antipoison, strength 2 of 3.<br/>Use: moderate food poisoning with vomiting.<br/>Lasts: 10 min per tablet, stacks up to 30 min max<br/>Warning: Moderate toxicity (0.35 per dose). Do not stack doses.<br/>EXP 04/2021","MESALAZINE<br/>10 tablets. Swallow one at a time.<br/>What: Antipoison, strength 2 of 3.<br/>Use: moderate food poisoning with vomiting.<br/>Lasts: 10 min per tablet, stacks up to 30 min max<br/>Warning: Moderate toxicity (0.35 per dose). Do not stack doses.<br/>EXP 04/2021","MESALAZINE<br/>10 tablets. Swallow one at a time.<br/>What: Antipoison, strength 2 of 3.<br/>Use: moderate food poisoning with vomiting.<br/>Lasts: 10 min per tablet, stacks up to 30 min max<br/>Warning: Moderate toxicity (0.35 per dose). Do not stack doses.<br/>EXP 04/2021","MESALAZINE<br/>10 tablets. Swallow one at a time.<br/>What: Antipoison, strength 2 of 3.<br/>Use: moderate food poisoning with vomiting.<br/>Lasts: 10 min per tablet, stacks up to 30 min max<br/>Warning: Moderate toxicity (0.35 per dose). Do not stack doses.<br/>EXP 04/2021","MESALAZINE<br/>10 tablets. Swallow one at a time.<br/>What: Antipoison, strength 2 of 3.<br/>Use: moderate food poisoning with vomiting.<br/>Lasts: 10 min per tablet, stacks up to 30 min max<br/>Warning: Moderate toxicity (0.35 per dose). Do not stack doses.<br/>EXP 04/2021","MESALAZINE<br/>10 tablets. Swallow one at a time.<br/>What: Antipoison, strength 2 of 3.<br/>Use: moderate food poisoning with vomiting.<br/>Lasts: 10 min per tablet, stacks up to 30 min max<br/>Warning: Moderate toxicity (0.35 per dose). Do not stack doses.<br/>EXP 04/2021","MESALAZINE<br/>10 tablets. Swallow one at a time.<br/>What: Antipoison, strength 2 of 3.<br/>Use: moderate food poisoning with vomiting.<br/>Lasts: 10 min per tablet, stacks up to 30 min max<br/>Warning: Moderate toxicity (0.35 per dose). Do not stack doses.<br/>EXP 04/2021","MESALAZINE<br/>10 tablets. Swallow one at a time.<br/>What: Antipoison, strength 2 of 3.<br/>Use: moderate food poisoning with vomiting.<br/>Lasts: 10 min per tablet, stacks up to 30 min max<br/>Warning: Moderate toxicity (0.35 per dose). Do not stack doses.<br/>EXP 04/2021","MESALAZINE<br/>10 tablets. Swallow one at a time.<br/>What: Antipoison, strength 2 of 3.<br/>Use: moderate food poisoning with vomiting.<br/>Lasts: 10 min per tablet, stacks up to 30 min max<br/>Warning: Moderate toxicity (0.35 per dose). Do not stack doses.<br/>EXP 04/2021","MESALAZINE<br/>10 tablets. Swallow one at a time.<br/>What: Antipoison, strength 2 of 3.<br/>Use: moderate food poisoning with vomiting.<br/>Lasts: 10 min per tablet, stacks up to 30 min max<br/>Warning: Moderate toxicity (0.35 per dose). Do not stack doses.<br/>EXP 04/2021",
"STR_MEDLBL_TERJEPILLSVIKASOL","VIKASOL<br/>10 tablets. Swallow one at a time.<br/>What: Hemostatic (clotting agent), strength 1 of 3.<br/>Use: slowing blood loss from cuts and wounds until you can bandage.<br/>Lasts: 5 min per tablet, stacks up to 30 min max<br/>Warning: Low toxicity (0.15 per dose). Safe if spaced out.<br/>EXP 09/2020","VIKASOL<br/>10 tablets. Swallow one at a time.<br/>What: Hemostatic (clotting agent), strength 1 of 3.<br/>Use: slowing blood loss from cuts and wounds until you can bandage.<br/>Lasts: 5 min per tablet, stacks up to 30 min max<br/>Warning: Low toxicity (0.15 per dose). Safe if spaced out.<br/>EXP 09/2020","VIKASOL<br/>10 tablets. Swallow one at a time.<br/>What: Hemostatic (clotting agent), strength 1 of 3.<br/>Use: slowing blood loss from cuts and wounds until you can bandage.<br/>Lasts: 5 min per tablet, stacks up to 30 min max<br/>Warning: Low toxicity (0.15 per dose). Safe if spaced out.<br/>EXP 09/2020","VIKASOL<br/>10 tablets. Swallow one at a time.<br/>What: Hemostatic (clotting agent), strength 1 of 3.<br/>Use: slowing blood loss from cuts and wounds until you can bandage.<br/>Lasts: 5 min per tablet, stacks up to 30 min max<br/>Warning: Low toxicity (0.15 per dose). Safe if spaced out.<br/>EXP 09/2020","VIKASOL<br/>10 tablets. Swallow one at a time.<br/>What: Hemostatic (clotting agent), strength 1 of 3.<br/>Use: slowing blood loss from cuts and wounds until you can bandage.<br/>Lasts: 5 min per tablet, stacks up to 30 min max<br/>Warning: Low toxicity (0.15 per dose). Safe if spaced out.<br/>EXP 09/2020","VIKASOL<br/>10 tablets. Swallow one at a time.<br/>What: Hemostatic (clotting agent), strength 1 of 3.<br/>Use: slowing blood loss from cuts and wounds until you can bandage.<br/>Lasts: 5 min per tablet, stacks up to 30 min max<br/>Warning: Low toxicity (0.15 per dose). Safe if spaced out.<br/>EXP 09/2020","VIKASOL<br/>10 tablets. Swallow one at a time.<br/>What: Hemostatic (clotting agent), strength 1 of 3.<br/>Use: slowing blood loss from cuts and wounds until you can bandage.<br/>Lasts: 5 min per tablet, stacks up to 30 min max<br/>Warning: Low toxicity (0.15 per dose). Safe if spaced out.<br/>EXP 09/2020","VIKASOL<br/>10 tablets. Swallow one at a time.<br/>What: Hemostatic (clotting agent), strength 1 of 3.<br/>Use: slowing blood loss from cuts and wounds until you can bandage.<br/>Lasts: 5 min per tablet, stacks up to 30 min max<br/>Warning: Low toxicity (0.15 per dose). Safe if spaced out.<br/>EXP 09/2020","VIKASOL<br/>10 tablets. Swallow one at a time.<br/>What: Hemostatic (clotting agent), strength 1 of 3.<br/>Use: slowing blood loss from cuts and wounds until you can bandage.<br/>Lasts: 5 min per tablet, stacks up to 30 min max<br/>Warning: Low toxicity (0.15 per dose). Safe if spaced out.<br/>EXP 09/2020","VIKASOL<br/>10 tablets. Swallow one at a time.<br/>What: Hemostatic (clotting agent), strength 1 of 3.<br/>Use: slowing blood loss from cuts and wounds until you can bandage.<br/>Lasts: 5 min per tablet, stacks up to 30 min max<br/>Warning: Low toxicity (0.15 per dose). Safe if spaced out.<br/>EXP 09/2020","VIKASOL<br/>10 tablets. Swallow one at a time.<br/>What: Hemostatic (clotting agent), strength 1 of 3.<br/>Use: slowing blood loss from cuts and wounds until you can bandage.<br/>Lasts: 5 min per tablet, stacks up to 30 min max<br/>Warning: Low toxicity (0.15 per dose). Safe if spaced out.<br/>EXP 09/2020","VIKASOL<br/>10 tablets. Swallow one at a time.<br/>What: Hemostatic (clotting agent), strength 1 of 3.<br/>Use: slowing blood loss from cuts and wounds until you can bandage.<br/>Lasts: 5 min per tablet, stacks up to 30 min max<br/>Warning: Low toxicity (0.15 per dose). Safe if spaced out.<br/>EXP 09/2020","VIKASOL<br/>10 tablets. Swallow one at a time.<br/>What: Hemostatic (clotting agent), strength 1 of 3.<br/>Use: slowing blood loss from cuts and wounds until you can bandage.<br/>Lasts: 5 min per tablet, stacks up to 30 min max<br/>Warning: Low toxicity (0.15 per dose). Safe if spaced out.<br/>EXP 09/2020","VIKASOL<br/>10 tablets. Swallow one at a time.<br/>What: Hemostatic (clotting agent), strength 1 of 3.<br/>Use: slowing blood loss from cuts and wounds until you can bandage.<br/>Lasts: 5 min per tablet, stacks up to 30 min max<br/>Warning: Low toxicity (0.15 per dose). Safe if spaced out.<br/>EXP 09/2020",
"STR_MEDLBL_TERJEPILLSIROVIT","IROVIT<br/>10 tablets. Swallow one at a time.<br/>What: Iron supplement. Blood regeneration, strength 1.<br/>Use: faster blood recovery after bleeding.<br/>Lasts: 2 min per tablet, stacks up to 30 min max<br/>Warning: Low toxicity (0.3 per dose). Safe if spaced out.<br/>EXP 12/2021","IROVIT<br/>10 tablets. Swallow one at a time.<br/>What: Iron supplement. Blood regeneration, strength 1.<br/>Use: faster blood recovery after bleeding.<br/>Lasts: 2 min per tablet, stacks up to 30 min max<br/>Warning: Low toxicity (0.3 per dose). Safe if spaced out.<br/>EXP 12/2021","IROVIT<br/>10 tablets. Swallow one at a time.<br/>What: Iron supplement. Blood regeneration, strength 1.<br/>Use: faster blood recovery after bleeding.<br/>Lasts: 2 min per tablet, stacks up to 30 min max<br/>Warning: Low toxicity (0.3 per dose). Safe if spaced out.<br/>EXP 12/2021","IROVIT<br/>10 tablets. Swallow one at a time.<br/>What: Iron supplement. Blood regeneration, strength 1.<br/>Use: faster blood recovery after bleeding.<br/>Lasts: 2 min per tablet, stacks up to 30 min max<br/>Warning: Low toxicity (0.3 per dose). Safe if spaced out.<br/>EXP 12/2021","IROVIT<br/>10 tablets. Swallow one at a time.<br/>What: Iron supplement. Blood regeneration, strength 1.<br/>Use: faster blood recovery after bleeding.<br/>Lasts: 2 min per tablet, stacks up to 30 min max<br/>Warning: Low toxicity (0.3 per dose). Safe if spaced out.<br/>EXP 12/2021","IROVIT<br/>10 tablets. Swallow one at a time.<br/>What: Iron supplement. Blood regeneration, strength 1.<br/>Use: faster blood recovery after bleeding.<br/>Lasts: 2 min per tablet, stacks up to 30 min max<br/>Warning: Low toxicity (0.3 per dose). Safe if spaced out.<br/>EXP 12/2021","IROVIT<br/>10 tablets. Swallow one at a time.<br/>What: Iron supplement. Blood regeneration, strength 1.<br/>Use: faster blood recovery after bleeding.<br/>Lasts: 2 min per tablet, stacks up to 30 min max<br/>Warning: Low toxicity (0.3 per dose). Safe if spaced out.<br/>EXP 12/2021","IROVIT<br/>10 tablets. Swallow one at a time.<br/>What: Iron supplement. Blood regeneration, strength 1.<br/>Use: faster blood recovery after bleeding.<br/>Lasts: 2 min per tablet, stacks up to 30 min max<br/>Warning: Low toxicity (0.3 per dose). Safe if spaced out.<br/>EXP 12/2021","IROVIT<br/>10 tablets. Swallow one at a time.<br/>What: Iron supplement. Blood regeneration, strength 1.<br/>Use: faster blood recovery after bleeding.<br/>Lasts: 2 min per tablet, stacks up to 30 min max<br/>Warning: Low toxicity (0.3 per dose). Safe if spaced out.<br/>EXP 12/2021","IROVIT<br/>10 tablets. Swallow one at a time.<br/>What: Iron supplement. Blood regeneration, strength 1.<br/>Use: faster blood recovery after bleeding.<br/>Lasts: 2 min per tablet, stacks up to 30 min max<br/>Warning: Low toxicity (0.3 per dose). Safe if spaced out.<br/>EXP 12/2021","IROVIT<br/>10 tablets. Swallow one at a time.<br/>What: Iron supplement. Blood regeneration, strength 1.<br/>Use: faster blood recovery after bleeding.<br/>Lasts: 2 min per tablet, stacks up to 30 min max<br/>Warning: Low toxicity (0.3 per dose). Safe if spaced out.<br/>EXP 12/2021","IROVIT<br/>10 tablets. Swallow one at a time.<br/>What: Iron supplement. Blood regeneration, strength 1.<br/>Use: faster blood recovery after bleeding.<br/>Lasts: 2 min per tablet, stacks up to 30 min max<br/>Warning: Low toxicity (0.3 per dose). Safe if spaced out.<br/>EXP 12/2021","IROVIT<br/>10 tablets. Swallow one at a time.<br/>What: Iron supplement. Blood regeneration, strength 1.<br/>Use: faster blood recovery after bleeding.<br/>Lasts: 2 min per tablet, stacks up to 30 min max<br/>Warning: Low toxicity (0.3 per dose). Safe if spaced out.<br/>EXP 12/2021","IROVIT<br/>10 tablets. Swallow one at a time.<br/>What: Iron supplement. Blood regeneration, strength 1.<br/>Use: faster blood recovery after bleeding.<br/>Lasts: 2 min per tablet, stacks up to 30 min max<br/>Warning: Low toxicity (0.3 per dose). Safe if spaced out.<br/>EXP 12/2021",
"STR_MEDLBL_TERJEPILLSMAGNESIUMSULFATE","MAGNESIUM SULFATE<br/>10 tablets. Swallow one at a time.<br/>What: Blood regeneration, strength 2.5.<br/>Use: faster blood recovery after heavy bleeding.<br/>Lasts: 2 min per tablet, stacks up to 30 min max<br/>Warning: Low toxicity (0.3 per dose). Safe if spaced out.<br/>EXP 03/2020","MAGNESIUM SULFATE<br/>10 tablets. Swallow one at a time.<br/>What: Blood regeneration, strength 2.5.<br/>Use: faster blood recovery after heavy bleeding.<br/>Lasts: 2 min per tablet, stacks up to 30 min max<br/>Warning: Low toxicity (0.3 per dose). Safe if spaced out.<br/>EXP 03/2020","MAGNESIUM SULFATE<br/>10 tablets. Swallow one at a time.<br/>What: Blood regeneration, strength 2.5.<br/>Use: faster blood recovery after heavy bleeding.<br/>Lasts: 2 min per tablet, stacks up to 30 min max<br/>Warning: Low toxicity (0.3 per dose). Safe if spaced out.<br/>EXP 03/2020","MAGNESIUM SULFATE<br/>10 tablets. Swallow one at a time.<br/>What: Blood regeneration, strength 2.5.<br/>Use: faster blood recovery after heavy bleeding.<br/>Lasts: 2 min per tablet, stacks up to 30 min max<br/>Warning: Low toxicity (0.3 per dose). Safe if spaced out.<br/>EXP 03/2020","MAGNESIUM SULFATE<br/>10 tablets. Swallow one at a time.<br/>What: Blood regeneration, strength 2.5.<br/>Use: faster blood recovery after heavy bleeding.<br/>Lasts: 2 min per tablet, stacks up to 30 min max<br/>Warning: Low toxicity (0.3 per dose). Safe if spaced out.<br/>EXP 03/2020","MAGNESIUM SULFATE<br/>10 tablets. Swallow one at a time.<br/>What: Blood regeneration, strength 2.5.<br/>Use: faster blood recovery after heavy bleeding.<br/>Lasts: 2 min per tablet, stacks up to 30 min max<br/>Warning: Low toxicity (0.3 per dose). Safe if spaced out.<br/>EXP 03/2020","MAGNESIUM SULFATE<br/>10 tablets. Swallow one at a time.<br/>What: Blood regeneration, strength 2.5.<br/>Use: faster blood recovery after heavy bleeding.<br/>Lasts: 2 min per tablet, stacks up to 30 min max<br/>Warning: Low toxicity (0.3 per dose). Safe if spaced out.<br/>EXP 03/2020","MAGNESIUM SULFATE<br/>10 tablets. Swallow one at a time.<br/>What: Blood regeneration, strength 2.5.<br/>Use: faster blood recovery after heavy bleeding.<br/>Lasts: 2 min per tablet, stacks up to 30 min max<br/>Warning: Low toxicity (0.3 per dose). Safe if spaced out.<br/>EXP 03/2020","MAGNESIUM SULFATE<br/>10 tablets. Swallow one at a time.<br/>What: Blood regeneration, strength 2.5.<br/>Use: faster blood recovery after heavy bleeding.<br/>Lasts: 2 min per tablet, stacks up to 30 min max<br/>Warning: Low toxicity (0.3 per dose). Safe if spaced out.<br/>EXP 03/2020","MAGNESIUM SULFATE<br/>10 tablets. Swallow one at a time.<br/>What: Blood regeneration, strength 2.5.<br/>Use: faster blood recovery after heavy bleeding.<br/>Lasts: 2 min per tablet, stacks up to 30 min max<br/>Warning: Low toxicity (0.3 per dose). Safe if spaced out.<br/>EXP 03/2020","MAGNESIUM SULFATE<br/>10 tablets. Swallow one at a time.<br/>What: Blood regeneration, strength 2.5.<br/>Use: faster blood recovery after heavy bleeding.<br/>Lasts: 2 min per tablet, stacks up to 30 min max<br/>Warning: Low toxicity (0.3 per dose). Safe if spaced out.<br/>EXP 03/2020","MAGNESIUM SULFATE<br/>10 tablets. Swallow one at a time.<br/>What: Blood regeneration, strength 2.5.<br/>Use: faster blood recovery after heavy bleeding.<br/>Lasts: 2 min per tablet, stacks up to 30 min max<br/>Warning: Low toxicity (0.3 per dose). Safe if spaced out.<br/>EXP 03/2020","MAGNESIUM SULFATE<br/>10 tablets. Swallow one at a time.<br/>What: Blood regeneration, strength 2.5.<br/>Use: faster blood recovery after heavy bleeding.<br/>Lasts: 2 min per tablet, stacks up to 30 min max<br/>Warning: Low toxicity (0.3 per dose). Safe if spaced out.<br/>EXP 03/2020","MAGNESIUM SULFATE<br/>10 tablets. Swallow one at a time.<br/>What: Blood regeneration, strength 2.5.<br/>Use: faster blood recovery after heavy bleeding.<br/>Lasts: 2 min per tablet, stacks up to 30 min max<br/>Warning: Low toxicity (0.3 per dose). Safe if spaced out.<br/>EXP 03/2020",
"STR_MEDLBL_TERJEPILLSADEPRESS","ADEPRESS<br/>10 tablets. Swallow one at a time.<br/>What: Antidepressant, strength 1 of 3.<br/>Use: mild stress, panic and shaking hands.<br/>Lasts: ~2 min per tablet, stacks up to 30 min max<br/>Warning: Low toxicity (0.2 per dose). Safe if spaced out.<br/>EXP 07/2021","ADEPRESS<br/>10 tablets. Swallow one at a time.<br/>What: Antidepressant, strength 1 of 3.<br/>Use: mild stress, panic and shaking hands.<br/>Lasts: ~2 min per tablet, stacks up to 30 min max<br/>Warning: Low toxicity (0.2 per dose). Safe if spaced out.<br/>EXP 07/2021","ADEPRESS<br/>10 tablets. Swallow one at a time.<br/>What: Antidepressant, strength 1 of 3.<br/>Use: mild stress, panic and shaking hands.<br/>Lasts: ~2 min per tablet, stacks up to 30 min max<br/>Warning: Low toxicity (0.2 per dose). Safe if spaced out.<br/>EXP 07/2021","ADEPRESS<br/>10 tablets. Swallow one at a time.<br/>What: Antidepressant, strength 1 of 3.<br/>Use: mild stress, panic and shaking hands.<br/>Lasts: ~2 min per tablet, stacks up to 30 min max<br/>Warning: Low toxicity (0.2 per dose). Safe if spaced out.<br/>EXP 07/2021","ADEPRESS<br/>10 tablets. Swallow one at a time.<br/>What: Antidepressant, strength 1 of 3.<br/>Use: mild stress, panic and shaking hands.<br/>Lasts: ~2 min per tablet, stacks up to 30 min max<br/>Warning: Low toxicity (0.2 per dose). Safe if spaced out.<br/>EXP 07/2021","ADEPRESS<br/>10 tablets. Swallow one at a time.<br/>What: Antidepressant, strength 1 of 3.<br/>Use: mild stress, panic and shaking hands.<br/>Lasts: ~2 min per tablet, stacks up to 30 min max<br/>Warning: Low toxicity (0.2 per dose). Safe if spaced out.<br/>EXP 07/2021","ADEPRESS<br/>10 tablets. Swallow one at a time.<br/>What: Antidepressant, strength 1 of 3.<br/>Use: mild stress, panic and shaking hands.<br/>Lasts: ~2 min per tablet, stacks up to 30 min max<br/>Warning: Low toxicity (0.2 per dose). Safe if spaced out.<br/>EXP 07/2021","ADEPRESS<br/>10 tablets. Swallow one at a time.<br/>What: Antidepressant, strength 1 of 3.<br/>Use: mild stress, panic and shaking hands.<br/>Lasts: ~2 min per tablet, stacks up to 30 min max<br/>Warning: Low toxicity (0.2 per dose). Safe if spaced out.<br/>EXP 07/2021","ADEPRESS<br/>10 tablets. Swallow one at a time.<br/>What: Antidepressant, strength 1 of 3.<br/>Use: mild stress, panic and shaking hands.<br/>Lasts: ~2 min per tablet, stacks up to 30 min max<br/>Warning: Low toxicity (0.2 per dose). Safe if spaced out.<br/>EXP 07/2021","ADEPRESS<br/>10 tablets. Swallow one at a time.<br/>What: Antidepressant, strength 1 of 3.<br/>Use: mild stress, panic and shaking hands.<br/>Lasts: ~2 min per tablet, stacks up to 30 min max<br/>Warning: Low toxicity (0.2 per dose). Safe if spaced out.<br/>EXP 07/2021","ADEPRESS<br/>10 tablets. Swallow one at a time.<br/>What: Antidepressant, strength 1 of 3.<br/>Use: mild stress, panic and shaking hands.<br/>Lasts: ~2 min per tablet, stacks up to 30 min max<br/>Warning: Low toxicity (0.2 per dose). Safe if spaced out.<br/>EXP 07/2021","ADEPRESS<br/>10 tablets. Swallow one at a time.<br/>What: Antidepressant, strength 1 of 3.<br/>Use: mild stress, panic and shaking hands.<br/>Lasts: ~2 min per tablet, stacks up to 30 min max<br/>Warning: Low toxicity (0.2 per dose). Safe if spaced out.<br/>EXP 07/2021","ADEPRESS<br/>10 tablets. Swallow one at a time.<br/>What: Antidepressant, strength 1 of 3.<br/>Use: mild stress, panic and shaking hands.<br/>Lasts: ~2 min per tablet, stacks up to 30 min max<br/>Warning: Low toxicity (0.2 per dose). Safe if spaced out.<br/>EXP 07/2021","ADEPRESS<br/>10 tablets. Swallow one at a time.<br/>What: Antidepressant, strength 1 of 3.<br/>Use: mild stress, panic and shaking hands.<br/>Lasts: ~2 min per tablet, stacks up to 30 min max<br/>Warning: Low toxicity (0.2 per dose). Safe if spaced out.<br/>EXP 07/2021",
"STR_MEDLBL_TERJEPILLSAGTEMINOL","AGTEMINOL<br/>10 tablets. Swallow one at a time.<br/>What: Antidepressant, strength 1 of 3.<br/>Use: mild stress, panic and shaking hands.<br/>Lasts: 2 min per tablet, stacks up to 30 min max<br/>Warning: Low toxicity (0.2 per dose). Safe if spaced out.<br/>EXP 10/2019","AGTEMINOL<br/>10 tablets. Swallow one at a time.<br/>What: Antidepressant, strength 1 of 3.<br/>Use: mild stress, panic and shaking hands.<br/>Lasts: 2 min per tablet, stacks up to 30 min max<br/>Warning: Low toxicity (0.2 per dose). Safe if spaced out.<br/>EXP 10/2019","AGTEMINOL<br/>10 tablets. Swallow one at a time.<br/>What: Antidepressant, strength 1 of 3.<br/>Use: mild stress, panic and shaking hands.<br/>Lasts: 2 min per tablet, stacks up to 30 min max<br/>Warning: Low toxicity (0.2 per dose). Safe if spaced out.<br/>EXP 10/2019","AGTEMINOL<br/>10 tablets. Swallow one at a time.<br/>What: Antidepressant, strength 1 of 3.<br/>Use: mild stress, panic and shaking hands.<br/>Lasts: 2 min per tablet, stacks up to 30 min max<br/>Warning: Low toxicity (0.2 per dose). Safe if spaced out.<br/>EXP 10/2019","AGTEMINOL<br/>10 tablets. Swallow one at a time.<br/>What: Antidepressant, strength 1 of 3.<br/>Use: mild stress, panic and shaking hands.<br/>Lasts: 2 min per tablet, stacks up to 30 min max<br/>Warning: Low toxicity (0.2 per dose). Safe if spaced out.<br/>EXP 10/2019","AGTEMINOL<br/>10 tablets. Swallow one at a time.<br/>What: Antidepressant, strength 1 of 3.<br/>Use: mild stress, panic and shaking hands.<br/>Lasts: 2 min per tablet, stacks up to 30 min max<br/>Warning: Low toxicity (0.2 per dose). Safe if spaced out.<br/>EXP 10/2019","AGTEMINOL<br/>10 tablets. Swallow one at a time.<br/>What: Antidepressant, strength 1 of 3.<br/>Use: mild stress, panic and shaking hands.<br/>Lasts: 2 min per tablet, stacks up to 30 min max<br/>Warning: Low toxicity (0.2 per dose). Safe if spaced out.<br/>EXP 10/2019","AGTEMINOL<br/>10 tablets. Swallow one at a time.<br/>What: Antidepressant, strength 1 of 3.<br/>Use: mild stress, panic and shaking hands.<br/>Lasts: 2 min per tablet, stacks up to 30 min max<br/>Warning: Low toxicity (0.2 per dose). Safe if spaced out.<br/>EXP 10/2019","AGTEMINOL<br/>10 tablets. Swallow one at a time.<br/>What: Antidepressant, strength 1 of 3.<br/>Use: mild stress, panic and shaking hands.<br/>Lasts: 2 min per tablet, stacks up to 30 min max<br/>Warning: Low toxicity (0.2 per dose). Safe if spaced out.<br/>EXP 10/2019","AGTEMINOL<br/>10 tablets. Swallow one at a time.<br/>What: Antidepressant, strength 1 of 3.<br/>Use: mild stress, panic and shaking hands.<br/>Lasts: 2 min per tablet, stacks up to 30 min max<br/>Warning: Low toxicity (0.2 per dose). Safe if spaced out.<br/>EXP 10/2019","AGTEMINOL<br/>10 tablets. Swallow one at a time.<br/>What: Antidepressant, strength 1 of 3.<br/>Use: mild stress, panic and shaking hands.<br/>Lasts: 2 min per tablet, stacks up to 30 min max<br/>Warning: Low toxicity (0.2 per dose). Safe if spaced out.<br/>EXP 10/2019","AGTEMINOL<br/>10 tablets. Swallow one at a time.<br/>What: Antidepressant, strength 1 of 3.<br/>Use: mild stress, panic and shaking hands.<br/>Lasts: 2 min per tablet, stacks up to 30 min max<br/>Warning: Low toxicity (0.2 per dose). Safe if spaced out.<br/>EXP 10/2019","AGTEMINOL<br/>10 tablets. Swallow one at a time.<br/>What: Antidepressant, strength 1 of 3.<br/>Use: mild stress, panic and shaking hands.<br/>Lasts: 2 min per tablet, stacks up to 30 min max<br/>Warning: Low toxicity (0.2 per dose). Safe if spaced out.<br/>EXP 10/2019","AGTEMINOL<br/>10 tablets. Swallow one at a time.<br/>What: Antidepressant, strength 1 of 3.<br/>Use: mild stress, panic and shaking hands.<br/>Lasts: 2 min per tablet, stacks up to 30 min max<br/>Warning: Low toxicity (0.2 per dose). Safe if spaced out.<br/>EXP 10/2019",
"STR_MEDLBL_TERJEPILLSVENLAFAXINE","VENLAFAXINE<br/>10 tablets. Swallow one at a time.<br/>What: Antidepressant, strength 1 of 3.<br/>Use: mild stress. Longest lasting of the tablets.<br/>Lasts: ~4 min per tablet, stacks up to 30 min max<br/>Warning: Low toxicity (0.3 per dose). Safe if spaced out.<br/>EXP 01/2021","VENLAFAXINE<br/>10 tablets. Swallow one at a time.<br/>What: Antidepressant, strength 1 of 3.<br/>Use: mild stress. Longest lasting of the tablets.<br/>Lasts: ~4 min per tablet, stacks up to 30 min max<br/>Warning: Low toxicity (0.3 per dose). Safe if spaced out.<br/>EXP 01/2021","VENLAFAXINE<br/>10 tablets. Swallow one at a time.<br/>What: Antidepressant, strength 1 of 3.<br/>Use: mild stress. Longest lasting of the tablets.<br/>Lasts: ~4 min per tablet, stacks up to 30 min max<br/>Warning: Low toxicity (0.3 per dose). Safe if spaced out.<br/>EXP 01/2021","VENLAFAXINE<br/>10 tablets. Swallow one at a time.<br/>What: Antidepressant, strength 1 of 3.<br/>Use: mild stress. Longest lasting of the tablets.<br/>Lasts: ~4 min per tablet, stacks up to 30 min max<br/>Warning: Low toxicity (0.3 per dose). Safe if spaced out.<br/>EXP 01/2021","VENLAFAXINE<br/>10 tablets. Swallow one at a time.<br/>What: Antidepressant, strength 1 of 3.<br/>Use: mild stress. Longest lasting of the tablets.<br/>Lasts: ~4 min per tablet, stacks up to 30 min max<br/>Warning: Low toxicity (0.3 per dose). Safe if spaced out.<br/>EXP 01/2021","VENLAFAXINE<br/>10 tablets. Swallow one at a time.<br/>What: Antidepressant, strength 1 of 3.<br/>Use: mild stress. Longest lasting of the tablets.<br/>Lasts: ~4 min per tablet, stacks up to 30 min max<br/>Warning: Low toxicity (0.3 per dose). Safe if spaced out.<br/>EXP 01/2021","VENLAFAXINE<br/>10 tablets. Swallow one at a time.<br/>What: Antidepressant, strength 1 of 3.<br/>Use: mild stress. Longest lasting of the tablets.<br/>Lasts: ~4 min per tablet, stacks up to 30 min max<br/>Warning: Low toxicity (0.3 per dose). Safe if spaced out.<br/>EXP 01/2021","VENLAFAXINE<br/>10 tablets. Swallow one at a time.<br/>What: Antidepressant, strength 1 of 3.<br/>Use: mild stress. Longest lasting of the tablets.<br/>Lasts: ~4 min per tablet, stacks up to 30 min max<br/>Warning: Low toxicity (0.3 per dose). Safe if spaced out.<br/>EXP 01/2021","VENLAFAXINE<br/>10 tablets. Swallow one at a time.<br/>What: Antidepressant, strength 1 of 3.<br/>Use: mild stress. Longest lasting of the tablets.<br/>Lasts: ~4 min per tablet, stacks up to 30 min max<br/>Warning: Low toxicity (0.3 per dose). Safe if spaced out.<br/>EXP 01/2021","VENLAFAXINE<br/>10 tablets. Swallow one at a time.<br/>What: Antidepressant, strength 1 of 3.<br/>Use: mild stress. Longest lasting of the tablets.<br/>Lasts: ~4 min per tablet, stacks up to 30 min max<br/>Warning: Low toxicity (0.3 per dose). Safe if spaced out.<br/>EXP 01/2021","VENLAFAXINE<br/>10 tablets. Swallow one at a time.<br/>What: Antidepressant, strength 1 of 3.<br/>Use: mild stress. Longest lasting of the tablets.<br/>Lasts: ~4 min per tablet, stacks up to 30 min max<br/>Warning: Low toxicity (0.3 per dose). Safe if spaced out.<br/>EXP 01/2021","VENLAFAXINE<br/>10 tablets. Swallow one at a time.<br/>What: Antidepressant, strength 1 of 3.<br/>Use: mild stress. Longest lasting of the tablets.<br/>Lasts: ~4 min per tablet, stacks up to 30 min max<br/>Warning: Low toxicity (0.3 per dose). Safe if spaced out.<br/>EXP 01/2021","VENLAFAXINE<br/>10 tablets. Swallow one at a time.<br/>What: Antidepressant, strength 1 of 3.<br/>Use: mild stress. Longest lasting of the tablets.<br/>Lasts: ~4 min per tablet, stacks up to 30 min max<br/>Warning: Low toxicity (0.3 per dose). Safe if spaced out.<br/>EXP 01/2021","VENLAFAXINE<br/>10 tablets. Swallow one at a time.<br/>What: Antidepressant, strength 1 of 3.<br/>Use: mild stress. Longest lasting of the tablets.<br/>Lasts: ~4 min per tablet, stacks up to 30 min max<br/>Warning: Low toxicity (0.3 per dose). Safe if spaced out.<br/>EXP 01/2021",
"STR_MEDLBL_TERJEPILLSB190","B-190<br/>10 tablets. Swallow one at a time.<br/>What: Radioprotector, strength 1 of 3.<br/>Use: low radiation dose. Take before or right after exposure.<br/>Lasts: ~2 min per tablet, stacks up to 30 min max<br/>Warning: Low toxicity (0.3 per dose). Safe if spaced out.<br/>EXP 05/2019","B-190<br/>10 tablets. Swallow one at a time.<br/>What: Radioprotector, strength 1 of 3.<br/>Use: low radiation dose. Take before or right after exposure.<br/>Lasts: ~2 min per tablet, stacks up to 30 min max<br/>Warning: Low toxicity (0.3 per dose). Safe if spaced out.<br/>EXP 05/2019","B-190<br/>10 tablets. Swallow one at a time.<br/>What: Radioprotector, strength 1 of 3.<br/>Use: low radiation dose. Take before or right after exposure.<br/>Lasts: ~2 min per tablet, stacks up to 30 min max<br/>Warning: Low toxicity (0.3 per dose). Safe if spaced out.<br/>EXP 05/2019","B-190<br/>10 tablets. Swallow one at a time.<br/>What: Radioprotector, strength 1 of 3.<br/>Use: low radiation dose. Take before or right after exposure.<br/>Lasts: ~2 min per tablet, stacks up to 30 min max<br/>Warning: Low toxicity (0.3 per dose). Safe if spaced out.<br/>EXP 05/2019","B-190<br/>10 tablets. Swallow one at a time.<br/>What: Radioprotector, strength 1 of 3.<br/>Use: low radiation dose. Take before or right after exposure.<br/>Lasts: ~2 min per tablet, stacks up to 30 min max<br/>Warning: Low toxicity (0.3 per dose). Safe if spaced out.<br/>EXP 05/2019","B-190<br/>10 tablets. Swallow one at a time.<br/>What: Radioprotector, strength 1 of 3.<br/>Use: low radiation dose. Take before or right after exposure.<br/>Lasts: ~2 min per tablet, stacks up to 30 min max<br/>Warning: Low toxicity (0.3 per dose). Safe if spaced out.<br/>EXP 05/2019","B-190<br/>10 tablets. Swallow one at a time.<br/>What: Radioprotector, strength 1 of 3.<br/>Use: low radiation dose. Take before or right after exposure.<br/>Lasts: ~2 min per tablet, stacks up to 30 min max<br/>Warning: Low toxicity (0.3 per dose). Safe if spaced out.<br/>EXP 05/2019","B-190<br/>10 tablets. Swallow one at a time.<br/>What: Radioprotector, strength 1 of 3.<br/>Use: low radiation dose. Take before or right after exposure.<br/>Lasts: ~2 min per tablet, stacks up to 30 min max<br/>Warning: Low toxicity (0.3 per dose). Safe if spaced out.<br/>EXP 05/2019","B-190<br/>10 tablets. Swallow one at a time.<br/>What: Radioprotector, strength 1 of 3.<br/>Use: low radiation dose. Take before or right after exposure.<br/>Lasts: ~2 min per tablet, stacks up to 30 min max<br/>Warning: Low toxicity (0.3 per dose). Safe if spaced out.<br/>EXP 05/2019","B-190<br/>10 tablets. Swallow one at a time.<br/>What: Radioprotector, strength 1 of 3.<br/>Use: low radiation dose. Take before or right after exposure.<br/>Lasts: ~2 min per tablet, stacks up to 30 min max<br/>Warning: Low toxicity (0.3 per dose). Safe if spaced out.<br/>EXP 05/2019","B-190<br/>10 tablets. Swallow one at a time.<br/>What: Radioprotector, strength 1 of 3.<br/>Use: low radiation dose. Take before or right after exposure.<br/>Lasts: ~2 min per tablet, stacks up to 30 min max<br/>Warning: Low toxicity (0.3 per dose). Safe if spaced out.<br/>EXP 05/2019","B-190<br/>10 tablets. Swallow one at a time.<br/>What: Radioprotector, strength 1 of 3.<br/>Use: low radiation dose. Take before or right after exposure.<br/>Lasts: ~2 min per tablet, stacks up to 30 min max<br/>Warning: Low toxicity (0.3 per dose). Safe if spaced out.<br/>EXP 05/2019","B-190<br/>10 tablets. Swallow one at a time.<br/>What: Radioprotector, strength 1 of 3.<br/>Use: low radiation dose. Take before or right after exposure.<br/>Lasts: ~2 min per tablet, stacks up to 30 min max<br/>Warning: Low toxicity (0.3 per dose). Safe if spaced out.<br/>EXP 05/2019","B-190<br/>10 tablets. Swallow one at a time.<br/>What: Radioprotector, strength 1 of 3.<br/>Use: low radiation dose. Take before or right after exposure.<br/>Lasts: ~2 min per tablet, stacks up to 30 min max<br/>Warning: Low toxicity (0.3 per dose). Safe if spaced out.<br/>EXP 05/2019",
"STR_MEDLBL_TERJEPILLSPOTASSIUMIODIDE","POTASSIUM IODIDE<br/>10 tablets. Swallow one at a time.<br/>What: Radioprotector, strength 1 of 3.<br/>Use: low radiation dose. Very short acting.<br/>Lasts: 1 min per tablet, stacks up to 30 min max<br/>Warning: Low toxicity (0.2 per dose). Safe if spaced out.<br/>EXP 08/2020","POTASSIUM IODIDE<br/>10 tablets. Swallow one at a time.<br/>What: Radioprotector, strength 1 of 3.<br/>Use: low radiation dose. Very short acting.<br/>Lasts: 1 min per tablet, stacks up to 30 min max<br/>Warning: Low toxicity (0.2 per dose). Safe if spaced out.<br/>EXP 08/2020","POTASSIUM IODIDE<br/>10 tablets. Swallow one at a time.<br/>What: Radioprotector, strength 1 of 3.<br/>Use: low radiation dose. Very short acting.<br/>Lasts: 1 min per tablet, stacks up to 30 min max<br/>Warning: Low toxicity (0.2 per dose). Safe if spaced out.<br/>EXP 08/2020","POTASSIUM IODIDE<br/>10 tablets. Swallow one at a time.<br/>What: Radioprotector, strength 1 of 3.<br/>Use: low radiation dose. Very short acting.<br/>Lasts: 1 min per tablet, stacks up to 30 min max<br/>Warning: Low toxicity (0.2 per dose). Safe if spaced out.<br/>EXP 08/2020","POTASSIUM IODIDE<br/>10 tablets. Swallow one at a time.<br/>What: Radioprotector, strength 1 of 3.<br/>Use: low radiation dose. Very short acting.<br/>Lasts: 1 min per tablet, stacks up to 30 min max<br/>Warning: Low toxicity (0.2 per dose). Safe if spaced out.<br/>EXP 08/2020","POTASSIUM IODIDE<br/>10 tablets. Swallow one at a time.<br/>What: Radioprotector, strength 1 of 3.<br/>Use: low radiation dose. Very short acting.<br/>Lasts: 1 min per tablet, stacks up to 30 min max<br/>Warning: Low toxicity (0.2 per dose). Safe if spaced out.<br/>EXP 08/2020","POTASSIUM IODIDE<br/>10 tablets. Swallow one at a time.<br/>What: Radioprotector, strength 1 of 3.<br/>Use: low radiation dose. Very short acting.<br/>Lasts: 1 min per tablet, stacks up to 30 min max<br/>Warning: Low toxicity (0.2 per dose). Safe if spaced out.<br/>EXP 08/2020","POTASSIUM IODIDE<br/>10 tablets. Swallow one at a time.<br/>What: Radioprotector, strength 1 of 3.<br/>Use: low radiation dose. Very short acting.<br/>Lasts: 1 min per tablet, stacks up to 30 min max<br/>Warning: Low toxicity (0.2 per dose). Safe if spaced out.<br/>EXP 08/2020","POTASSIUM IODIDE<br/>10 tablets. Swallow one at a time.<br/>What: Radioprotector, strength 1 of 3.<br/>Use: low radiation dose. Very short acting.<br/>Lasts: 1 min per tablet, stacks up to 30 min max<br/>Warning: Low toxicity (0.2 per dose). Safe if spaced out.<br/>EXP 08/2020","POTASSIUM IODIDE<br/>10 tablets. Swallow one at a time.<br/>What: Radioprotector, strength 1 of 3.<br/>Use: low radiation dose. Very short acting.<br/>Lasts: 1 min per tablet, stacks up to 30 min max<br/>Warning: Low toxicity (0.2 per dose). Safe if spaced out.<br/>EXP 08/2020","POTASSIUM IODIDE<br/>10 tablets. Swallow one at a time.<br/>What: Radioprotector, strength 1 of 3.<br/>Use: low radiation dose. Very short acting.<br/>Lasts: 1 min per tablet, stacks up to 30 min max<br/>Warning: Low toxicity (0.2 per dose). Safe if spaced out.<br/>EXP 08/2020","POTASSIUM IODIDE<br/>10 tablets. Swallow one at a time.<br/>What: Radioprotector, strength 1 of 3.<br/>Use: low radiation dose. Very short acting.<br/>Lasts: 1 min per tablet, stacks up to 30 min max<br/>Warning: Low toxicity (0.2 per dose). Safe if spaced out.<br/>EXP 08/2020","POTASSIUM IODIDE<br/>10 tablets. Swallow one at a time.<br/>What: Radioprotector, strength 1 of 3.<br/>Use: low radiation dose. Very short acting.<br/>Lasts: 1 min per tablet, stacks up to 30 min max<br/>Warning: Low toxicity (0.2 per dose). Safe if spaced out.<br/>EXP 08/2020","POTASSIUM IODIDE<br/>10 tablets. Swallow one at a time.<br/>What: Radioprotector, strength 1 of 3.<br/>Use: low radiation dose. Very short acting.<br/>Lasts: 1 min per tablet, stacks up to 30 min max<br/>Warning: Low toxicity (0.2 per dose). Safe if spaced out.<br/>EXP 08/2020",
"STR_MEDLBL_TERJEPILLSHEXACYANOFERRATE","HEXACYANOFERRATE<br/>10 tablets. Swallow one at a time.<br/>What: Radioprotector (Prussian blue), strength 1 of 3.<br/>Use: low radiation dose.<br/>Lasts: 2 min per tablet, stacks up to 30 min max<br/>Warning: Low toxicity (0.3 per dose). Safe if spaced out.<br/>EXP 02/2021","HEXACYANOFERRATE<br/>10 tablets. Swallow one at a time.<br/>What: Radioprotector (Prussian blue), strength 1 of 3.<br/>Use: low radiation dose.<br/>Lasts: 2 min per tablet, stacks up to 30 min max<br/>Warning: Low toxicity (0.3 per dose). Safe if spaced out.<br/>EXP 02/2021","HEXACYANOFERRATE<br/>10 tablets. Swallow one at a time.<br/>What: Radioprotector (Prussian blue), strength 1 of 3.<br/>Use: low radiation dose.<br/>Lasts: 2 min per tablet, stacks up to 30 min max<br/>Warning: Low toxicity (0.3 per dose). Safe if spaced out.<br/>EXP 02/2021","HEXACYANOFERRATE<br/>10 tablets. Swallow one at a time.<br/>What: Radioprotector (Prussian blue), strength 1 of 3.<br/>Use: low radiation dose.<br/>Lasts: 2 min per tablet, stacks up to 30 min max<br/>Warning: Low toxicity (0.3 per dose). Safe if spaced out.<br/>EXP 02/2021","HEXACYANOFERRATE<br/>10 tablets. Swallow one at a time.<br/>What: Radioprotector (Prussian blue), strength 1 of 3.<br/>Use: low radiation dose.<br/>Lasts: 2 min per tablet, stacks up to 30 min max<br/>Warning: Low toxicity (0.3 per dose). Safe if spaced out.<br/>EXP 02/2021","HEXACYANOFERRATE<br/>10 tablets. Swallow one at a time.<br/>What: Radioprotector (Prussian blue), strength 1 of 3.<br/>Use: low radiation dose.<br/>Lasts: 2 min per tablet, stacks up to 30 min max<br/>Warning: Low toxicity (0.3 per dose). Safe if spaced out.<br/>EXP 02/2021","HEXACYANOFERRATE<br/>10 tablets. Swallow one at a time.<br/>What: Radioprotector (Prussian blue), strength 1 of 3.<br/>Use: low radiation dose.<br/>Lasts: 2 min per tablet, stacks up to 30 min max<br/>Warning: Low toxicity (0.3 per dose). Safe if spaced out.<br/>EXP 02/2021","HEXACYANOFERRATE<br/>10 tablets. Swallow one at a time.<br/>What: Radioprotector (Prussian blue), strength 1 of 3.<br/>Use: low radiation dose.<br/>Lasts: 2 min per tablet, stacks up to 30 min max<br/>Warning: Low toxicity (0.3 per dose). Safe if spaced out.<br/>EXP 02/2021","HEXACYANOFERRATE<br/>10 tablets. Swallow one at a time.<br/>What: Radioprotector (Prussian blue), strength 1 of 3.<br/>Use: low radiation dose.<br/>Lasts: 2 min per tablet, stacks up to 30 min max<br/>Warning: Low toxicity (0.3 per dose). Safe if spaced out.<br/>EXP 02/2021","HEXACYANOFERRATE<br/>10 tablets. Swallow one at a time.<br/>What: Radioprotector (Prussian blue), strength 1 of 3.<br/>Use: low radiation dose.<br/>Lasts: 2 min per tablet, stacks up to 30 min max<br/>Warning: Low toxicity (0.3 per dose). Safe if spaced out.<br/>EXP 02/2021","HEXACYANOFERRATE<br/>10 tablets. Swallow one at a time.<br/>What: Radioprotector (Prussian blue), strength 1 of 3.<br/>Use: low radiation dose.<br/>Lasts: 2 min per tablet, stacks up to 30 min max<br/>Warning: Low toxicity (0.3 per dose). Safe if spaced out.<br/>EXP 02/2021","HEXACYANOFERRATE<br/>10 tablets. Swallow one at a time.<br/>What: Radioprotector (Prussian blue), strength 1 of 3.<br/>Use: low radiation dose.<br/>Lasts: 2 min per tablet, stacks up to 30 min max<br/>Warning: Low toxicity (0.3 per dose). Safe if spaced out.<br/>EXP 02/2021","HEXACYANOFERRATE<br/>10 tablets. Swallow one at a time.<br/>What: Radioprotector (Prussian blue), strength 1 of 3.<br/>Use: low radiation dose.<br/>Lasts: 2 min per tablet, stacks up to 30 min max<br/>Warning: Low toxicity (0.3 per dose). Safe if spaced out.<br/>EXP 02/2021","HEXACYANOFERRATE<br/>10 tablets. Swallow one at a time.<br/>What: Radioprotector (Prussian blue), strength 1 of 3.<br/>Use: low radiation dose.<br/>Lasts: 2 min per tablet, stacks up to 30 min max<br/>Warning: Low toxicity (0.3 per dose). Safe if spaced out.<br/>EXP 02/2021",
"STR_MEDLBL_TERJEPILLSMEXAMINE","MEXAMINE<br/>10 tablets. Swallow one at a time.<br/>What: Radioprotector, strength 2 of 3.<br/>Use: moderate radiation dose. Strong but very short.<br/>Lasts: 25 sec per tablet, stacks up to 30 min max<br/>Warning: High toxicity (0.75 per dose). Repeat doses risk overdose.<br/>EXP 06/2019","MEXAMINE<br/>10 tablets. Swallow one at a time.<br/>What: Radioprotector, strength 2 of 3.<br/>Use: moderate radiation dose. Strong but very short.<br/>Lasts: 25 sec per tablet, stacks up to 30 min max<br/>Warning: High toxicity (0.75 per dose). Repeat doses risk overdose.<br/>EXP 06/2019","MEXAMINE<br/>10 tablets. Swallow one at a time.<br/>What: Radioprotector, strength 2 of 3.<br/>Use: moderate radiation dose. Strong but very short.<br/>Lasts: 25 sec per tablet, stacks up to 30 min max<br/>Warning: High toxicity (0.75 per dose). Repeat doses risk overdose.<br/>EXP 06/2019","MEXAMINE<br/>10 tablets. Swallow one at a time.<br/>What: Radioprotector, strength 2 of 3.<br/>Use: moderate radiation dose. Strong but very short.<br/>Lasts: 25 sec per tablet, stacks up to 30 min max<br/>Warning: High toxicity (0.75 per dose). Repeat doses risk overdose.<br/>EXP 06/2019","MEXAMINE<br/>10 tablets. Swallow one at a time.<br/>What: Radioprotector, strength 2 of 3.<br/>Use: moderate radiation dose. Strong but very short.<br/>Lasts: 25 sec per tablet, stacks up to 30 min max<br/>Warning: High toxicity (0.75 per dose). Repeat doses risk overdose.<br/>EXP 06/2019","MEXAMINE<br/>10 tablets. Swallow one at a time.<br/>What: Radioprotector, strength 2 of 3.<br/>Use: moderate radiation dose. Strong but very short.<br/>Lasts: 25 sec per tablet, stacks up to 30 min max<br/>Warning: High toxicity (0.75 per dose). Repeat doses risk overdose.<br/>EXP 06/2019","MEXAMINE<br/>10 tablets. Swallow one at a time.<br/>What: Radioprotector, strength 2 of 3.<br/>Use: moderate radiation dose. Strong but very short.<br/>Lasts: 25 sec per tablet, stacks up to 30 min max<br/>Warning: High toxicity (0.75 per dose). Repeat doses risk overdose.<br/>EXP 06/2019","MEXAMINE<br/>10 tablets. Swallow one at a time.<br/>What: Radioprotector, strength 2 of 3.<br/>Use: moderate radiation dose. Strong but very short.<br/>Lasts: 25 sec per tablet, stacks up to 30 min max<br/>Warning: High toxicity (0.75 per dose). Repeat doses risk overdose.<br/>EXP 06/2019","MEXAMINE<br/>10 tablets. Swallow one at a time.<br/>What: Radioprotector, strength 2 of 3.<br/>Use: moderate radiation dose. Strong but very short.<br/>Lasts: 25 sec per tablet, stacks up to 30 min max<br/>Warning: High toxicity (0.75 per dose). Repeat doses risk overdose.<br/>EXP 06/2019","MEXAMINE<br/>10 tablets. Swallow one at a time.<br/>What: Radioprotector, strength 2 of 3.<br/>Use: moderate radiation dose. Strong but very short.<br/>Lasts: 25 sec per tablet, stacks up to 30 min max<br/>Warning: High toxicity (0.75 per dose). Repeat doses risk overdose.<br/>EXP 06/2019","MEXAMINE<br/>10 tablets. Swallow one at a time.<br/>What: Radioprotector, strength 2 of 3.<br/>Use: moderate radiation dose. Strong but very short.<br/>Lasts: 25 sec per tablet, stacks up to 30 min max<br/>Warning: High toxicity (0.75 per dose). Repeat doses risk overdose.<br/>EXP 06/2019","MEXAMINE<br/>10 tablets. Swallow one at a time.<br/>What: Radioprotector, strength 2 of 3.<br/>Use: moderate radiation dose. Strong but very short.<br/>Lasts: 25 sec per tablet, stacks up to 30 min max<br/>Warning: High toxicity (0.75 per dose). Repeat doses risk overdose.<br/>EXP 06/2019","MEXAMINE<br/>10 tablets. Swallow one at a time.<br/>What: Radioprotector, strength 2 of 3.<br/>Use: moderate radiation dose. Strong but very short.<br/>Lasts: 25 sec per tablet, stacks up to 30 min max<br/>Warning: High toxicity (0.75 per dose). Repeat doses risk overdose.<br/>EXP 06/2019","MEXAMINE<br/>10 tablets. Swallow one at a time.<br/>What: Radioprotector, strength 2 of 3.<br/>Use: moderate radiation dose. Strong but very short.<br/>Lasts: 25 sec per tablet, stacks up to 30 min max<br/>Warning: High toxicity (0.75 per dose). Repeat doses risk overdose.<br/>EXP 06/2019",
"STR_MEDLBL_TERJEPILLSROMBIOPENTAL","ROMBIOPENTAL<br/>10 tablets. Swallow one at a time.<br/>What: Chemical antidote, strength 1 of 3.<br/>Use: early chemical poisoning (coughing after toxic gas).<br/>Lasts: 30 sec per tablet, stacks up to 30 min max<br/>Warning: Low toxicity (0.15 per dose). Safe if spaced out.<br/>EXP 04/2022","ROMBIOPENTAL<br/>10 tablets. Swallow one at a time.<br/>What: Chemical antidote, strength 1 of 3.<br/>Use: early chemical poisoning (coughing after toxic gas).<br/>Lasts: 30 sec per tablet, stacks up to 30 min max<br/>Warning: Low toxicity (0.15 per dose). Safe if spaced out.<br/>EXP 04/2022","ROMBIOPENTAL<br/>10 tablets. Swallow one at a time.<br/>What: Chemical antidote, strength 1 of 3.<br/>Use: early chemical poisoning (coughing after toxic gas).<br/>Lasts: 30 sec per tablet, stacks up to 30 min max<br/>Warning: Low toxicity (0.15 per dose). Safe if spaced out.<br/>EXP 04/2022","ROMBIOPENTAL<br/>10 tablets. Swallow one at a time.<br/>What: Chemical antidote, strength 1 of 3.<br/>Use: early chemical poisoning (coughing after toxic gas).<br/>Lasts: 30 sec per tablet, stacks up to 30 min max<br/>Warning: Low toxicity (0.15 per dose). Safe if spaced out.<br/>EXP 04/2022","ROMBIOPENTAL<br/>10 tablets. Swallow one at a time.<br/>What: Chemical antidote, strength 1 of 3.<br/>Use: early chemical poisoning (coughing after toxic gas).<br/>Lasts: 30 sec per tablet, stacks up to 30 min max<br/>Warning: Low toxicity (0.15 per dose). Safe if spaced out.<br/>EXP 04/2022","ROMBIOPENTAL<br/>10 tablets. Swallow one at a time.<br/>What: Chemical antidote, strength 1 of 3.<br/>Use: early chemical poisoning (coughing after toxic gas).<br/>Lasts: 30 sec per tablet, stacks up to 30 min max<br/>Warning: Low toxicity (0.15 per dose). Safe if spaced out.<br/>EXP 04/2022","ROMBIOPENTAL<br/>10 tablets. Swallow one at a time.<br/>What: Chemical antidote, strength 1 of 3.<br/>Use: early chemical poisoning (coughing after toxic gas).<br/>Lasts: 30 sec per tablet, stacks up to 30 min max<br/>Warning: Low toxicity (0.15 per dose). Safe if spaced out.<br/>EXP 04/2022","ROMBIOPENTAL<br/>10 tablets. Swallow one at a time.<br/>What: Chemical antidote, strength 1 of 3.<br/>Use: early chemical poisoning (coughing after toxic gas).<br/>Lasts: 30 sec per tablet, stacks up to 30 min max<br/>Warning: Low toxicity (0.15 per dose). Safe if spaced out.<br/>EXP 04/2022","ROMBIOPENTAL<br/>10 tablets. Swallow one at a time.<br/>What: Chemical antidote, strength 1 of 3.<br/>Use: early chemical poisoning (coughing after toxic gas).<br/>Lasts: 30 sec per tablet, stacks up to 30 min max<br/>Warning: Low toxicity (0.15 per dose). Safe if spaced out.<br/>EXP 04/2022","ROMBIOPENTAL<br/>10 tablets. Swallow one at a time.<br/>What: Chemical antidote, strength 1 of 3.<br/>Use: early chemical poisoning (coughing after toxic gas).<br/>Lasts: 30 sec per tablet, stacks up to 30 min max<br/>Warning: Low toxicity (0.15 per dose). Safe if spaced out.<br/>EXP 04/2022","ROMBIOPENTAL<br/>10 tablets. Swallow one at a time.<br/>What: Chemical antidote, strength 1 of 3.<br/>Use: early chemical poisoning (coughing after toxic gas).<br/>Lasts: 30 sec per tablet, stacks up to 30 min max<br/>Warning: Low toxicity (0.15 per dose). Safe if spaced out.<br/>EXP 04/2022","ROMBIOPENTAL<br/>10 tablets. Swallow one at a time.<br/>What: Chemical antidote, strength 1 of 3.<br/>Use: early chemical poisoning (coughing after toxic gas).<br/>Lasts: 30 sec per tablet, stacks up to 30 min max<br/>Warning: Low toxicity (0.15 per dose). Safe if spaced out.<br/>EXP 04/2022","ROMBIOPENTAL<br/>10 tablets. Swallow one at a time.<br/>What: Chemical antidote, strength 1 of 3.<br/>Use: early chemical poisoning (coughing after toxic gas).<br/>Lasts: 30 sec per tablet, stacks up to 30 min max<br/>Warning: Low toxicity (0.15 per dose). Safe if spaced out.<br/>EXP 04/2022","ROMBIOPENTAL<br/>10 tablets. Swallow one at a time.<br/>What: Chemical antidote, strength 1 of 3.<br/>Use: early chemical poisoning (coughing after toxic gas).<br/>Lasts: 30 sec per tablet, stacks up to 30 min max<br/>Warning: Low toxicity (0.15 per dose). Safe if spaced out.<br/>EXP 04/2022",
"STR_MEDLBL_TERJEPILLSPOTASSIUMCYANIDE","POTASSIUM CYANIDE<br/>10 tablets. Swallow one at a time.<br/>What: POISON. Not a medicine.<br/>Use: nothing. Causes severe poisoning when swallowed.<br/>Lasts: poisoning builds with every tablet (+5 per tablet)<br/>Warning: Very high toxicity (1.5 per dose). One dose can trigger overdose symptoms. Keep away from food and water.<br/>EXP NONE","POTASSIUM CYANIDE<br/>10 tablets. Swallow one at a time.<br/>What: POISON. Not a medicine.<br/>Use: nothing. Causes severe poisoning when swallowed.<br/>Lasts: poisoning builds with every tablet (+5 per tablet)<br/>Warning: Very high toxicity (1.5 per dose). One dose can trigger overdose symptoms. Keep away from food and water.<br/>EXP NONE","POTASSIUM CYANIDE<br/>10 tablets. Swallow one at a time.<br/>What: POISON. Not a medicine.<br/>Use: nothing. Causes severe poisoning when swallowed.<br/>Lasts: poisoning builds with every tablet (+5 per tablet)<br/>Warning: Very high toxicity (1.5 per dose). One dose can trigger overdose symptoms. Keep away from food and water.<br/>EXP NONE","POTASSIUM CYANIDE<br/>10 tablets. Swallow one at a time.<br/>What: POISON. Not a medicine.<br/>Use: nothing. Causes severe poisoning when swallowed.<br/>Lasts: poisoning builds with every tablet (+5 per tablet)<br/>Warning: Very high toxicity (1.5 per dose). One dose can trigger overdose symptoms. Keep away from food and water.<br/>EXP NONE","POTASSIUM CYANIDE<br/>10 tablets. Swallow one at a time.<br/>What: POISON. Not a medicine.<br/>Use: nothing. Causes severe poisoning when swallowed.<br/>Lasts: poisoning builds with every tablet (+5 per tablet)<br/>Warning: Very high toxicity (1.5 per dose). One dose can trigger overdose symptoms. Keep away from food and water.<br/>EXP NONE","POTASSIUM CYANIDE<br/>10 tablets. Swallow one at a time.<br/>What: POISON. Not a medicine.<br/>Use: nothing. Causes severe poisoning when swallowed.<br/>Lasts: poisoning builds with every tablet (+5 per tablet)<br/>Warning: Very high toxicity (1.5 per dose). One dose can trigger overdose symptoms. Keep away from food and water.<br/>EXP NONE","POTASSIUM CYANIDE<br/>10 tablets. Swallow one at a time.<br/>What: POISON. Not a medicine.<br/>Use: nothing. Causes severe poisoning when swallowed.<br/>Lasts: poisoning builds with every tablet (+5 per tablet)<br/>Warning: Very high toxicity (1.5 per dose). One dose can trigger overdose symptoms. Keep away from food and water.<br/>EXP NONE","POTASSIUM CYANIDE<br/>10 tablets. Swallow one at a time.<br/>What: POISON. Not a medicine.<br/>Use: nothing. Causes severe poisoning when swallowed.<br/>Lasts: poisoning builds with every tablet (+5 per tablet)<br/>Warning: Very high toxicity (1.5 per dose). One dose can trigger overdose symptoms. Keep away from food and water.<br/>EXP NONE","POTASSIUM CYANIDE<br/>10 tablets. Swallow one at a time.<br/>What: POISON. Not a medicine.<br/>Use: nothing. Causes severe poisoning when swallowed.<br/>Lasts: poisoning builds with every tablet (+5 per tablet)<br/>Warning: Very high toxicity (1.5 per dose). One dose can trigger overdose symptoms. Keep away from food and water.<br/>EXP NONE","POTASSIUM CYANIDE<br/>10 tablets. Swallow one at a time.<br/>What: POISON. Not a medicine.<br/>Use: nothing. Causes severe poisoning when swallowed.<br/>Lasts: poisoning builds with every tablet (+5 per tablet)<br/>Warning: Very high toxicity (1.5 per dose). One dose can trigger overdose symptoms. Keep away from food and water.<br/>EXP NONE","POTASSIUM CYANIDE<br/>10 tablets. Swallow one at a time.<br/>What: POISON. Not a medicine.<br/>Use: nothing. Causes severe poisoning when swallowed.<br/>Lasts: poisoning builds with every tablet (+5 per tablet)<br/>Warning: Very high toxicity (1.5 per dose). One dose can trigger overdose symptoms. Keep away from food and water.<br/>EXP NONE","POTASSIUM CYANIDE<br/>10 tablets. Swallow one at a time.<br/>What: POISON. Not a medicine.<br/>Use: nothing. Causes severe poisoning when swallowed.<br/>Lasts: poisoning builds with every tablet (+5 per tablet)<br/>Warning: Very high toxicity (1.5 per dose). One dose can trigger overdose symptoms. Keep away from food and water.<br/>EXP NONE","POTASSIUM CYANIDE<br/>10 tablets. Swallow one at a time.<br/>What: POISON. Not a medicine.<br/>Use: nothing. Causes severe poisoning when swallowed.<br/>Lasts: poisoning builds with every tablet (+5 per tablet)<br/>Warning: Very high toxicity (1.5 per dose). One dose can trigger overdose symptoms. Keep away from food and water.<br/>EXP NONE","POTASSIUM CYANIDE<br/>10 tablets. Swallow one at a time.<br/>What: POISON. Not a medicine.<br/>Use: nothing. Causes severe poisoning when swallowed.<br/>Lasts: poisoning builds with every tablet (+5 per tablet)<br/>Warning: Very high toxicity (1.5 per dose). One dose can trigger overdose symptoms. Keep away from food and water.<br/>EXP NONE",
"STR_MEDLBL_TERJEPILLSARSENIC","ARSENIC<br/>10 tablets. Swallow one at a time.<br/>What: POISON. Not a medicine.<br/>Use: nothing. Causes severe poisoning when swallowed.<br/>Lasts: poisoning builds with every tablet (+3.5 per tablet)<br/>Warning: DANGER: toxicity 2.5 per dose. Overdose is near certain. Two tablets can kill.<br/>EXP NONE","ARSENIC<br/>10 tablets. Swallow one at a time.<br/>What: POISON. Not a medicine.<br/>Use: nothing. Causes severe poisoning when swallowed.<br/>Lasts: poisoning builds with every tablet (+3.5 per tablet)<br/>Warning: DANGER: toxicity 2.5 per dose. Overdose is near certain. Two tablets can kill.<br/>EXP NONE","ARSENIC<br/>10 tablets. Swallow one at a time.<br/>What: POISON. Not a medicine.<br/>Use: nothing. Causes severe poisoning when swallowed.<br/>Lasts: poisoning builds with every tablet (+3.5 per tablet)<br/>Warning: DANGER: toxicity 2.5 per dose. Overdose is near certain. Two tablets can kill.<br/>EXP NONE","ARSENIC<br/>10 tablets. Swallow one at a time.<br/>What: POISON. Not a medicine.<br/>Use: nothing. Causes severe poisoning when swallowed.<br/>Lasts: poisoning builds with every tablet (+3.5 per tablet)<br/>Warning: DANGER: toxicity 2.5 per dose. Overdose is near certain. Two tablets can kill.<br/>EXP NONE","ARSENIC<br/>10 tablets. Swallow one at a time.<br/>What: POISON. Not a medicine.<br/>Use: nothing. Causes severe poisoning when swallowed.<br/>Lasts: poisoning builds with every tablet (+3.5 per tablet)<br/>Warning: DANGER: toxicity 2.5 per dose. Overdose is near certain. Two tablets can kill.<br/>EXP NONE","ARSENIC<br/>10 tablets. Swallow one at a time.<br/>What: POISON. Not a medicine.<br/>Use: nothing. Causes severe poisoning when swallowed.<br/>Lasts: poisoning builds with every tablet (+3.5 per tablet)<br/>Warning: DANGER: toxicity 2.5 per dose. Overdose is near certain. Two tablets can kill.<br/>EXP NONE","ARSENIC<br/>10 tablets. Swallow one at a time.<br/>What: POISON. Not a medicine.<br/>Use: nothing. Causes severe poisoning when swallowed.<br/>Lasts: poisoning builds with every tablet (+3.5 per tablet)<br/>Warning: DANGER: toxicity 2.5 per dose. Overdose is near certain. Two tablets can kill.<br/>EXP NONE","ARSENIC<br/>10 tablets. Swallow one at a time.<br/>What: POISON. Not a medicine.<br/>Use: nothing. Causes severe poisoning when swallowed.<br/>Lasts: poisoning builds with every tablet (+3.5 per tablet)<br/>Warning: DANGER: toxicity 2.5 per dose. Overdose is near certain. Two tablets can kill.<br/>EXP NONE","ARSENIC<br/>10 tablets. Swallow one at a time.<br/>What: POISON. Not a medicine.<br/>Use: nothing. Causes severe poisoning when swallowed.<br/>Lasts: poisoning builds with every tablet (+3.5 per tablet)<br/>Warning: DANGER: toxicity 2.5 per dose. Overdose is near certain. Two tablets can kill.<br/>EXP NONE","ARSENIC<br/>10 tablets. Swallow one at a time.<br/>What: POISON. Not a medicine.<br/>Use: nothing. Causes severe poisoning when swallowed.<br/>Lasts: poisoning builds with every tablet (+3.5 per tablet)<br/>Warning: DANGER: toxicity 2.5 per dose. Overdose is near certain. Two tablets can kill.<br/>EXP NONE","ARSENIC<br/>10 tablets. Swallow one at a time.<br/>What: POISON. Not a medicine.<br/>Use: nothing. Causes severe poisoning when swallowed.<br/>Lasts: poisoning builds with every tablet (+3.5 per tablet)<br/>Warning: DANGER: toxicity 2.5 per dose. Overdose is near certain. Two tablets can kill.<br/>EXP NONE","ARSENIC<br/>10 tablets. Swallow one at a time.<br/>What: POISON. Not a medicine.<br/>Use: nothing. Causes severe poisoning when swallowed.<br/>Lasts: poisoning builds with every tablet (+3.5 per tablet)<br/>Warning: DANGER: toxicity 2.5 per dose. Overdose is near certain. Two tablets can kill.<br/>EXP NONE","ARSENIC<br/>10 tablets. Swallow one at a time.<br/>What: POISON. Not a medicine.<br/>Use: nothing. Causes severe poisoning when swallowed.<br/>Lasts: poisoning builds with every tablet (+3.5 per tablet)<br/>Warning: DANGER: toxicity 2.5 per dose. Overdose is near certain. Two tablets can kill.<br/>EXP NONE","ARSENIC<br/>10 tablets. Swallow one at a time.<br/>What: POISON. Not a medicine.<br/>Use: nothing. Causes severe poisoning when swallowed.<br/>Lasts: poisoning builds with every tablet (+3.5 per tablet)<br/>Warning: DANGER: toxicity 2.5 per dose. Overdose is near certain. Two tablets can kill.<br/>EXP NONE",
"STR_MEDLBL_TERJEPILLSIVERSAN","IVERSAN<br/>10 tablets. Swallow one at a time.<br/>What: Veterinary antiparasitic. Toxic to humans.<br/>Use: nothing useful. Causes food poisoning when swallowed.<br/>Lasts: poisoning builds with every tablet (+2.2 per tablet)<br/>Warning: Moderate toxicity (0.5 per dose). Do not stack doses.<br/>EXP 03/2018","IVERSAN<br/>10 tablets. Swallow one at a time.<br/>What: Veterinary antiparasitic. Toxic to humans.<br/>Use: nothing useful. Causes food poisoning when swallowed.<br/>Lasts: poisoning builds with every tablet (+2.2 per tablet)<br/>Warning: Moderate toxicity (0.5 per dose). Do not stack doses.<br/>EXP 03/2018","IVERSAN<br/>10 tablets. Swallow one at a time.<br/>What: Veterinary antiparasitic. Toxic to humans.<br/>Use: nothing useful. Causes food poisoning when swallowed.<br/>Lasts: poisoning builds with every tablet (+2.2 per tablet)<br/>Warning: Moderate toxicity (0.5 per dose). Do not stack doses.<br/>EXP 03/2018","IVERSAN<br/>10 tablets. Swallow one at a time.<br/>What: Veterinary antiparasitic. Toxic to humans.<br/>Use: nothing useful. Causes food poisoning when swallowed.<br/>Lasts: poisoning builds with every tablet (+2.2 per tablet)<br/>Warning: Moderate toxicity (0.5 per dose). Do not stack doses.<br/>EXP 03/2018","IVERSAN<br/>10 tablets. Swallow one at a time.<br/>What: Veterinary antiparasitic. Toxic to humans.<br/>Use: nothing useful. Causes food poisoning when swallowed.<br/>Lasts: poisoning builds with every tablet (+2.2 per tablet)<br/>Warning: Moderate toxicity (0.5 per dose). Do not stack doses.<br/>EXP 03/2018","IVERSAN<br/>10 tablets. Swallow one at a time.<br/>What: Veterinary antiparasitic. Toxic to humans.<br/>Use: nothing useful. Causes food poisoning when swallowed.<br/>Lasts: poisoning builds with every tablet (+2.2 per tablet)<br/>Warning: Moderate toxicity (0.5 per dose). Do not stack doses.<br/>EXP 03/2018","IVERSAN<br/>10 tablets. Swallow one at a time.<br/>What: Veterinary antiparasitic. Toxic to humans.<br/>Use: nothing useful. Causes food poisoning when swallowed.<br/>Lasts: poisoning builds with every tablet (+2.2 per tablet)<br/>Warning: Moderate toxicity (0.5 per dose). Do not stack doses.<br/>EXP 03/2018","IVERSAN<br/>10 tablets. Swallow one at a time.<br/>What: Veterinary antiparasitic. Toxic to humans.<br/>Use: nothing useful. Causes food poisoning when swallowed.<br/>Lasts: poisoning builds with every tablet (+2.2 per tablet)<br/>Warning: Moderate toxicity (0.5 per dose). Do not stack doses.<br/>EXP 03/2018","IVERSAN<br/>10 tablets. Swallow one at a time.<br/>What: Veterinary antiparasitic. Toxic to humans.<br/>Use: nothing useful. Causes food poisoning when swallowed.<br/>Lasts: poisoning builds with every tablet (+2.2 per tablet)<br/>Warning: Moderate toxicity (0.5 per dose). Do not stack doses.<br/>EXP 03/2018","IVERSAN<br/>10 tablets. Swallow one at a time.<br/>What: Veterinary antiparasitic. Toxic to humans.<br/>Use: nothing useful. Causes food poisoning when swallowed.<br/>Lasts: poisoning builds with every tablet (+2.2 per tablet)<br/>Warning: Moderate toxicity (0.5 per dose). Do not stack doses.<br/>EXP 03/2018","IVERSAN<br/>10 tablets. Swallow one at a time.<br/>What: Veterinary antiparasitic. Toxic to humans.<br/>Use: nothing useful. Causes food poisoning when swallowed.<br/>Lasts: poisoning builds with every tablet (+2.2 per tablet)<br/>Warning: Moderate toxicity (0.5 per dose). Do not stack doses.<br/>EXP 03/2018","IVERSAN<br/>10 tablets. Swallow one at a time.<br/>What: Veterinary antiparasitic. Toxic to humans.<br/>Use: nothing useful. Causes food poisoning when swallowed.<br/>Lasts: poisoning builds with every tablet (+2.2 per tablet)<br/>Warning: Moderate toxicity (0.5 per dose). Do not stack doses.<br/>EXP 03/2018","IVERSAN<br/>10 tablets. Swallow one at a time.<br/>What: Veterinary antiparasitic. Toxic to humans.<br/>Use: nothing useful. Causes food poisoning when swallowed.<br/>Lasts: poisoning builds with every tablet (+2.2 per tablet)<br/>Warning: Moderate toxicity (0.5 per dose). Do not stack doses.<br/>EXP 03/2018","IVERSAN<br/>10 tablets. Swallow one at a time.<br/>What: Veterinary antiparasitic. Toxic to humans.<br/>Use: nothing useful. Causes food poisoning when swallowed.<br/>Lasts: poisoning builds with every tablet (+2.2 per tablet)<br/>Warning: Moderate toxicity (0.5 per dose). Do not stack doses.<br/>EXP 03/2018",
"STR_MEDLBL_TERJEAMPOULEALCOHOL","MEDICAL ALCOHOL<br/>Glass ampoule, 10 units. For disinfecting syringes and tools only.<br/>What: Disinfectant. Not a medicine.<br/>Use: cleaning used syringes and surgical tools before reuse.<br/>Lasts: instant<br/>Warning: DANGER: toxicity 4.0 per dose. Overdose is near certain. Never inject.<br/>EXP n/a","MEDICAL ALCOHOL<br/>Glass ampoule, 10 units. For disinfecting syringes and tools only.<br/>What: Disinfectant. Not a medicine.<br/>Use: cleaning used syringes and surgical tools before reuse.<br/>Lasts: instant<br/>Warning: DANGER: toxicity 4.0 per dose. Overdose is near certain. Never inject.<br/>EXP n/a","MEDICAL ALCOHOL<br/>Glass ampoule, 10 units. For disinfecting syringes and tools only.<br/>What: Disinfectant. Not a medicine.<br/>Use: cleaning used syringes and surgical tools before reuse.<br/>Lasts: instant<br/>Warning: DANGER: toxicity 4.0 per dose. Overdose is near certain. Never inject.<br/>EXP n/a","MEDICAL ALCOHOL<br/>Glass ampoule, 10 units. For disinfecting syringes and tools only.<br/>What: Disinfectant. Not a medicine.<br/>Use: cleaning used syringes and surgical tools before reuse.<br/>Lasts: instant<br/>Warning: DANGER: toxicity 4.0 per dose. Overdose is near certain. Never inject.<br/>EXP n/a","MEDICAL ALCOHOL<br/>Glass ampoule, 10 units. For disinfecting syringes and tools only.<br/>What: Disinfectant. Not a medicine.<br/>Use: cleaning used syringes and surgical tools before reuse.<br/>Lasts: instant<br/>Warning: DANGER: toxicity 4.0 per dose. Overdose is near certain. Never inject.<br/>EXP n/a","MEDICAL ALCOHOL<br/>Glass ampoule, 10 units. For disinfecting syringes and tools only.<br/>What: Disinfectant. Not a medicine.<br/>Use: cleaning used syringes and surgical tools before reuse.<br/>Lasts: instant<br/>Warning: DANGER: toxicity 4.0 per dose. Overdose is near certain. Never inject.<br/>EXP n/a","MEDICAL ALCOHOL<br/>Glass ampoule, 10 units. For disinfecting syringes and tools only.<br/>What: Disinfectant. Not a medicine.<br/>Use: cleaning used syringes and surgical tools before reuse.<br/>Lasts: instant<br/>Warning: DANGER: toxicity 4.0 per dose. Overdose is near certain. Never inject.<br/>EXP n/a","MEDICAL ALCOHOL<br/>Glass ampoule, 10 units. For disinfecting syringes and tools only.<br/>What: Disinfectant. Not a medicine.<br/>Use: cleaning used syringes and surgical tools before reuse.<br/>Lasts: instant<br/>Warning: DANGER: toxicity 4.0 per dose. Overdose is near certain. Never inject.<br/>EXP n/a","MEDICAL ALCOHOL<br/>Glass ampoule, 10 units. For disinfecting syringes and tools only.<br/>What: Disinfectant. Not a medicine.<br/>Use: cleaning used syringes and surgical tools before reuse.<br/>Lasts: instant<br/>Warning: DANGER: toxicity 4.0 per dose. Overdose is near certain. Never inject.<br/>EXP n/a","MEDICAL ALCOHOL<br/>Glass ampoule, 10 units. For disinfecting syringes and tools only.<br/>What: Disinfectant. Not a medicine.<br/>Use: cleaning used syringes and surgical tools before reuse.<br/>Lasts: instant<br/>Warning: DANGER: toxicity 4.0 per dose. Overdose is near certain. Never inject.<br/>EXP n/a","MEDICAL ALCOHOL<br/>Glass ampoule, 10 units. For disinfecting syringes and tools only.<br/>What: Disinfectant. Not a medicine.<br/>Use: cleaning used syringes and surgical tools before reuse.<br/>Lasts: instant<br/>Warning: DANGER: toxicity 4.0 per dose. Overdose is near certain. Never inject.<br/>EXP n/a","MEDICAL ALCOHOL<br/>Glass ampoule, 10 units. For disinfecting syringes and tools only.<br/>What: Disinfectant. Not a medicine.<br/>Use: cleaning used syringes and surgical tools before reuse.<br/>Lasts: instant<br/>Warning: DANGER: toxicity 4.0 per dose. Overdose is near certain. Never inject.<br/>EXP n/a","MEDICAL ALCOHOL<br/>Glass ampoule, 10 units. For disinfecting syringes and tools only.<br/>What: Disinfectant. Not a medicine.<br/>Use: cleaning used syringes and surgical tools before reuse.<br/>Lasts: instant<br/>Warning: DANGER: toxicity 4.0 per dose. Overdose is near certain. Never inject.<br/>EXP n/a","MEDICAL ALCOHOL<br/>Glass ampoule, 10 units. For disinfecting syringes and tools only.<br/>What: Disinfectant. Not a medicine.<br/>Use: cleaning used syringes and surgical tools before reuse.<br/>Lasts: instant<br/>Warning: DANGER: toxicity 4.0 per dose. Overdose is near certain. Never inject.<br/>EXP n/a",
"STR_MEDLBL_TERJEAMPOULEAMOXIVAN","AMOXIVAN<br/>Glass ampoule, 5 doses. Draw with a sterile syringe and inject.<br/>What: Antibiotic, strength 2 of 3.<br/>Use: cold and pneumonia.<br/>Lasts: 15 min per dose, stacks up to 30 min max<br/>Warning: Low toxicity (0.3 per dose). Safe if spaced out.<br/>EXP 07/2020","AMOXIVAN<br/>Glass ampoule, 5 doses. Draw with a sterile syringe and inject.<br/>What: Antibiotic, strength 2 of 3.<br/>Use: cold and pneumonia.<br/>Lasts: 15 min per dose, stacks up to 30 min max<br/>Warning: Low toxicity (0.3 per dose). Safe if spaced out.<br/>EXP 07/2020","AMOXIVAN<br/>Glass ampoule, 5 doses. Draw with a sterile syringe and inject.<br/>What: Antibiotic, strength 2 of 3.<br/>Use: cold and pneumonia.<br/>Lasts: 15 min per dose, stacks up to 30 min max<br/>Warning: Low toxicity (0.3 per dose). Safe if spaced out.<br/>EXP 07/2020","AMOXIVAN<br/>Glass ampoule, 5 doses. Draw with a sterile syringe and inject.<br/>What: Antibiotic, strength 2 of 3.<br/>Use: cold and pneumonia.<br/>Lasts: 15 min per dose, stacks up to 30 min max<br/>Warning: Low toxicity (0.3 per dose). Safe if spaced out.<br/>EXP 07/2020","AMOXIVAN<br/>Glass ampoule, 5 doses. Draw with a sterile syringe and inject.<br/>What: Antibiotic, strength 2 of 3.<br/>Use: cold and pneumonia.<br/>Lasts: 15 min per dose, stacks up to 30 min max<br/>Warning: Low toxicity (0.3 per dose). Safe if spaced out.<br/>EXP 07/2020","AMOXIVAN<br/>Glass ampoule, 5 doses. Draw with a sterile syringe and inject.<br/>What: Antibiotic, strength 2 of 3.<br/>Use: cold and pneumonia.<br/>Lasts: 15 min per dose, stacks up to 30 min max<br/>Warning: Low toxicity (0.3 per dose). Safe if spaced out.<br/>EXP 07/2020","AMOXIVAN<br/>Glass ampoule, 5 doses. Draw with a sterile syringe and inject.<br/>What: Antibiotic, strength 2 of 3.<br/>Use: cold and pneumonia.<br/>Lasts: 15 min per dose, stacks up to 30 min max<br/>Warning: Low toxicity (0.3 per dose). Safe if spaced out.<br/>EXP 07/2020","AMOXIVAN<br/>Glass ampoule, 5 doses. Draw with a sterile syringe and inject.<br/>What: Antibiotic, strength 2 of 3.<br/>Use: cold and pneumonia.<br/>Lasts: 15 min per dose, stacks up to 30 min max<br/>Warning: Low toxicity (0.3 per dose). Safe if spaced out.<br/>EXP 07/2020","AMOXIVAN<br/>Glass ampoule, 5 doses. Draw with a sterile syringe and inject.<br/>What: Antibiotic, strength 2 of 3.<br/>Use: cold and pneumonia.<br/>Lasts: 15 min per dose, stacks up to 30 min max<br/>Warning: Low toxicity (0.3 per dose). Safe if spaced out.<br/>EXP 07/2020","AMOXIVAN<br/>Glass ampoule, 5 doses. Draw with a sterile syringe and inject.<br/>What: Antibiotic, strength 2 of 3.<br/>Use: cold and pneumonia.<br/>Lasts: 15 min per dose, stacks up to 30 min max<br/>Warning: Low toxicity (0.3 per dose). Safe if spaced out.<br/>EXP 07/2020","AMOXIVAN<br/>Glass ampoule, 5 doses. Draw with a sterile syringe and inject.<br/>What: Antibiotic, strength 2 of 3.<br/>Use: cold and pneumonia.<br/>Lasts: 15 min per dose, stacks up to 30 min max<br/>Warning: Low toxicity (0.3 per dose). Safe if spaced out.<br/>EXP 07/2020","AMOXIVAN<br/>Glass ampoule, 5 doses. Draw with a sterile syringe and inject.<br/>What: Antibiotic, strength 2 of 3.<br/>Use: cold and pneumonia.<br/>Lasts: 15 min per dose, stacks up to 30 min max<br/>Warning: Low toxicity (0.3 per dose). Safe if spaced out.<br/>EXP 07/2020","AMOXIVAN<br/>Glass ampoule, 5 doses. Draw with a sterile syringe and inject.<br/>What: Antibiotic, strength 2 of 3.<br/>Use: cold and pneumonia.<br/>Lasts: 15 min per dose, stacks up to 30 min max<br/>Warning: Low toxicity (0.3 per dose). Safe if spaced out.<br/>EXP 07/2020","AMOXIVAN<br/>Glass ampoule, 5 doses. Draw with a sterile syringe and inject.<br/>What: Antibiotic, strength 2 of 3.<br/>Use: cold and pneumonia.<br/>Lasts: 15 min per dose, stacks up to 30 min max<br/>Warning: Low toxicity (0.3 per dose). Safe if spaced out.<br/>EXP 07/2020",
"STR_MEDLBL_TERJEAMPOULEKETAROL","KETAROL<br/>Glass ampoule, 5 doses. Draw with a sterile syringe and inject.<br/>What: Antibiotic strength 2 of 3 plus painkiller strength 1 of 3.<br/>Use: pneumonia with mild pain.<br/>Lasts: 20 min per dose, stacks up to 30 min max<br/>Warning: Moderate toxicity (0.5 per dose). Do not stack doses.<br/>EXP 11/2020","KETAROL<br/>Glass ampoule, 5 doses. Draw with a sterile syringe and inject.<br/>What: Antibiotic strength 2 of 3 plus painkiller strength 1 of 3.<br/>Use: pneumonia with mild pain.<br/>Lasts: 20 min per dose, stacks up to 30 min max<br/>Warning: Moderate toxicity (0.5 per dose). Do not stack doses.<br/>EXP 11/2020","KETAROL<br/>Glass ampoule, 5 doses. Draw with a sterile syringe and inject.<br/>What: Antibiotic strength 2 of 3 plus painkiller strength 1 of 3.<br/>Use: pneumonia with mild pain.<br/>Lasts: 20 min per dose, stacks up to 30 min max<br/>Warning: Moderate toxicity (0.5 per dose). Do not stack doses.<br/>EXP 11/2020","KETAROL<br/>Glass ampoule, 5 doses. Draw with a sterile syringe and inject.<br/>What: Antibiotic strength 2 of 3 plus painkiller strength 1 of 3.<br/>Use: pneumonia with mild pain.<br/>Lasts: 20 min per dose, stacks up to 30 min max<br/>Warning: Moderate toxicity (0.5 per dose). Do not stack doses.<br/>EXP 11/2020","KETAROL<br/>Glass ampoule, 5 doses. Draw with a sterile syringe and inject.<br/>What: Antibiotic strength 2 of 3 plus painkiller strength 1 of 3.<br/>Use: pneumonia with mild pain.<br/>Lasts: 20 min per dose, stacks up to 30 min max<br/>Warning: Moderate toxicity (0.5 per dose). Do not stack doses.<br/>EXP 11/2020","KETAROL<br/>Glass ampoule, 5 doses. Draw with a sterile syringe and inject.<br/>What: Antibiotic strength 2 of 3 plus painkiller strength 1 of 3.<br/>Use: pneumonia with mild pain.<br/>Lasts: 20 min per dose, stacks up to 30 min max<br/>Warning: Moderate toxicity (0.5 per dose). Do not stack doses.<br/>EXP 11/2020","KETAROL<br/>Glass ampoule, 5 doses. Draw with a sterile syringe and inject.<br/>What: Antibiotic strength 2 of 3 plus painkiller strength 1 of 3.<br/>Use: pneumonia with mild pain.<br/>Lasts: 20 min per dose, stacks up to 30 min max<br/>Warning: Moderate toxicity (0.5 per dose). Do not stack doses.<br/>EXP 11/2020","KETAROL<br/>Glass ampoule, 5 doses. Draw with a sterile syringe and inject.<br/>What: Antibiotic strength 2 of 3 plus painkiller strength 1 of 3.<br/>Use: pneumonia with mild pain.<br/>Lasts: 20 min per dose, stacks up to 30 min max<br/>Warning: Moderate toxicity (0.5 per dose). Do not stack doses.<br/>EXP 11/2020","KETAROL<br/>Glass ampoule, 5 doses. Draw with a sterile syringe and inject.<br/>What: Antibiotic strength 2 of 3 plus painkiller strength 1 of 3.<br/>Use: pneumonia with mild pain.<br/>Lasts: 20 min per dose, stacks up to 30 min max<br/>Warning: Moderate toxicity (0.5 per dose). Do not stack doses.<br/>EXP 11/2020","KETAROL<br/>Glass ampoule, 5 doses. Draw with a sterile syringe and inject.<br/>What: Antibiotic strength 2 of 3 plus painkiller strength 1 of 3.<br/>Use: pneumonia with mild pain.<br/>Lasts: 20 min per dose, stacks up to 30 min max<br/>Warning: Moderate toxicity (0.5 per dose). Do not stack doses.<br/>EXP 11/2020","KETAROL<br/>Glass ampoule, 5 doses. Draw with a sterile syringe and inject.<br/>What: Antibiotic strength 2 of 3 plus painkiller strength 1 of 3.<br/>Use: pneumonia with mild pain.<br/>Lasts: 20 min per dose, stacks up to 30 min max<br/>Warning: Moderate toxicity (0.5 per dose). Do not stack doses.<br/>EXP 11/2020","KETAROL<br/>Glass ampoule, 5 doses. Draw with a sterile syringe and inject.<br/>What: Antibiotic strength 2 of 3 plus painkiller strength 1 of 3.<br/>Use: pneumonia with mild pain.<br/>Lasts: 20 min per dose, stacks up to 30 min max<br/>Warning: Moderate toxicity (0.5 per dose). Do not stack doses.<br/>EXP 11/2020","KETAROL<br/>Glass ampoule, 5 doses. Draw with a sterile syringe and inject.<br/>What: Antibiotic strength 2 of 3 plus painkiller strength 1 of 3.<br/>Use: pneumonia with mild pain.<br/>Lasts: 20 min per dose, stacks up to 30 min max<br/>Warning: Moderate toxicity (0.5 per dose). Do not stack doses.<br/>EXP 11/2020","KETAROL<br/>Glass ampoule, 5 doses. Draw with a sterile syringe and inject.<br/>What: Antibiotic strength 2 of 3 plus painkiller strength 1 of 3.<br/>Use: pneumonia with mild pain.<br/>Lasts: 20 min per dose, stacks up to 30 min max<br/>Warning: Moderate toxicity (0.5 per dose). Do not stack doses.<br/>EXP 11/2020",
"STR_MEDLBL_TERJEAMPOULEFLEMOCLAV","FLEMOCLAVE<br/>Glass ampoule, 5 doses. Draw with a sterile syringe and inject.<br/>What: Antibiotic, strength 3 of 3. Also treats sepsis.<br/>Use: severe pneumonia and infected wounds (sepsis).<br/>Lasts: 20 min per dose, stacks up to 30 min max<br/>Warning: High toxicity (0.8 per dose). Repeat doses risk overdose.<br/>EXP 01/2020","FLEMOCLAVE<br/>Glass ampoule, 5 doses. Draw with a sterile syringe and inject.<br/>What: Antibiotic, strength 3 of 3. Also treats sepsis.<br/>Use: severe pneumonia and infected wounds (sepsis).<br/>Lasts: 20 min per dose, stacks up to 30 min max<br/>Warning: High toxicity (0.8 per dose). Repeat doses risk overdose.<br/>EXP 01/2020","FLEMOCLAVE<br/>Glass ampoule, 5 doses. Draw with a sterile syringe and inject.<br/>What: Antibiotic, strength 3 of 3. Also treats sepsis.<br/>Use: severe pneumonia and infected wounds (sepsis).<br/>Lasts: 20 min per dose, stacks up to 30 min max<br/>Warning: High toxicity (0.8 per dose). Repeat doses risk overdose.<br/>EXP 01/2020","FLEMOCLAVE<br/>Glass ampoule, 5 doses. Draw with a sterile syringe and inject.<br/>What: Antibiotic, strength 3 of 3. Also treats sepsis.<br/>Use: severe pneumonia and infected wounds (sepsis).<br/>Lasts: 20 min per dose, stacks up to 30 min max<br/>Warning: High toxicity (0.8 per dose). Repeat doses risk overdose.<br/>EXP 01/2020","FLEMOCLAVE<br/>Glass ampoule, 5 doses. Draw with a sterile syringe and inject.<br/>What: Antibiotic, strength 3 of 3. Also treats sepsis.<br/>Use: severe pneumonia and infected wounds (sepsis).<br/>Lasts: 20 min per dose, stacks up to 30 min max<br/>Warning: High toxicity (0.8 per dose). Repeat doses risk overdose.<br/>EXP 01/2020","FLEMOCLAVE<br/>Glass ampoule, 5 doses. Draw with a sterile syringe and inject.<br/>What: Antibiotic, strength 3 of 3. Also treats sepsis.<br/>Use: severe pneumonia and infected wounds (sepsis).<br/>Lasts: 20 min per dose, stacks up to 30 min max<br/>Warning: High toxicity (0.8 per dose). Repeat doses risk overdose.<br/>EXP 01/2020","FLEMOCLAVE<br/>Glass ampoule, 5 doses. Draw with a sterile syringe and inject.<br/>What: Antibiotic, strength 3 of 3. Also treats sepsis.<br/>Use: severe pneumonia and infected wounds (sepsis).<br/>Lasts: 20 min per dose, stacks up to 30 min max<br/>Warning: High toxicity (0.8 per dose). Repeat doses risk overdose.<br/>EXP 01/2020","FLEMOCLAVE<br/>Glass ampoule, 5 doses. Draw with a sterile syringe and inject.<br/>What: Antibiotic, strength 3 of 3. Also treats sepsis.<br/>Use: severe pneumonia and infected wounds (sepsis).<br/>Lasts: 20 min per dose, stacks up to 30 min max<br/>Warning: High toxicity (0.8 per dose). Repeat doses risk overdose.<br/>EXP 01/2020","FLEMOCLAVE<br/>Glass ampoule, 5 doses. Draw with a sterile syringe and inject.<br/>What: Antibiotic, strength 3 of 3. Also treats sepsis.<br/>Use: severe pneumonia and infected wounds (sepsis).<br/>Lasts: 20 min per dose, stacks up to 30 min max<br/>Warning: High toxicity (0.8 per dose). Repeat doses risk overdose.<br/>EXP 01/2020","FLEMOCLAVE<br/>Glass ampoule, 5 doses. Draw with a sterile syringe and inject.<br/>What: Antibiotic, strength 3 of 3. Also treats sepsis.<br/>Use: severe pneumonia and infected wounds (sepsis).<br/>Lasts: 20 min per dose, stacks up to 30 min max<br/>Warning: High toxicity (0.8 per dose). Repeat doses risk overdose.<br/>EXP 01/2020","FLEMOCLAVE<br/>Glass ampoule, 5 doses. Draw with a sterile syringe and inject.<br/>What: Antibiotic, strength 3 of 3. Also treats sepsis.<br/>Use: severe pneumonia and infected wounds (sepsis).<br/>Lasts: 20 min per dose, stacks up to 30 min max<br/>Warning: High toxicity (0.8 per dose). Repeat doses risk overdose.<br/>EXP 01/2020","FLEMOCLAVE<br/>Glass ampoule, 5 doses. Draw with a sterile syringe and inject.<br/>What: Antibiotic, strength 3 of 3. Also treats sepsis.<br/>Use: severe pneumonia and infected wounds (sepsis).<br/>Lasts: 20 min per dose, stacks up to 30 min max<br/>Warning: High toxicity (0.8 per dose). Repeat doses risk overdose.<br/>EXP 01/2020","FLEMOCLAVE<br/>Glass ampoule, 5 doses. Draw with a sterile syringe and inject.<br/>What: Antibiotic, strength 3 of 3. Also treats sepsis.<br/>Use: severe pneumonia and infected wounds (sepsis).<br/>Lasts: 20 min per dose, stacks up to 30 min max<br/>Warning: High toxicity (0.8 per dose). Repeat doses risk overdose.<br/>EXP 01/2020","FLEMOCLAVE<br/>Glass ampoule, 5 doses. Draw with a sterile syringe and inject.<br/>What: Antibiotic, strength 3 of 3. Also treats sepsis.<br/>Use: severe pneumonia and infected wounds (sepsis).<br/>Lasts: 20 min per dose, stacks up to 30 min max<br/>Warning: High toxicity (0.8 per dose). Repeat doses risk overdose.<br/>EXP 01/2020",
"STR_MEDLBL_TERJEAMPOULEIMIPENEM","IMIPENEM<br/>Glass ampoule, 5 doses. Draw with a sterile syringe and inject.<br/>What: Antibiotic, strength 3 of 3. Also treats sepsis.<br/>Use: severe pneumonia and infected wounds (sepsis).<br/>Lasts: 15 min per dose, stacks up to 30 min max<br/>Warning: High toxicity (0.7 per dose). Repeat doses risk overdose.<br/>EXP 09/2019","IMIPENEM<br/>Glass ampoule, 5 doses. Draw with a sterile syringe and inject.<br/>What: Antibiotic, strength 3 of 3. Also treats sepsis.<br/>Use: severe pneumonia and infected wounds (sepsis).<br/>Lasts: 15 min per dose, stacks up to 30 min max<br/>Warning: High toxicity (0.7 per dose). Repeat doses risk overdose.<br/>EXP 09/2019","IMIPENEM<br/>Glass ampoule, 5 doses. Draw with a sterile syringe and inject.<br/>What: Antibiotic, strength 3 of 3. Also treats sepsis.<br/>Use: severe pneumonia and infected wounds (sepsis).<br/>Lasts: 15 min per dose, stacks up to 30 min max<br/>Warning: High toxicity (0.7 per dose). Repeat doses risk overdose.<br/>EXP 09/2019","IMIPENEM<br/>Glass ampoule, 5 doses. Draw with a sterile syringe and inject.<br/>What: Antibiotic, strength 3 of 3. Also treats sepsis.<br/>Use: severe pneumonia and infected wounds (sepsis).<br/>Lasts: 15 min per dose, stacks up to 30 min max<br/>Warning: High toxicity (0.7 per dose). Repeat doses risk overdose.<br/>EXP 09/2019","IMIPENEM<br/>Glass ampoule, 5 doses. Draw with a sterile syringe and inject.<br/>What: Antibiotic, strength 3 of 3. Also treats sepsis.<br/>Use: severe pneumonia and infected wounds (sepsis).<br/>Lasts: 15 min per dose, stacks up to 30 min max<br/>Warning: High toxicity (0.7 per dose). Repeat doses risk overdose.<br/>EXP 09/2019","IMIPENEM<br/>Glass ampoule, 5 doses. Draw with a sterile syringe and inject.<br/>What: Antibiotic, strength 3 of 3. Also treats sepsis.<br/>Use: severe pneumonia and infected wounds (sepsis).<br/>Lasts: 15 min per dose, stacks up to 30 min max<br/>Warning: High toxicity (0.7 per dose). Repeat doses risk overdose.<br/>EXP 09/2019","IMIPENEM<br/>Glass ampoule, 5 doses. Draw with a sterile syringe and inject.<br/>What: Antibiotic, strength 3 of 3. Also treats sepsis.<br/>Use: severe pneumonia and infected wounds (sepsis).<br/>Lasts: 15 min per dose, stacks up to 30 min max<br/>Warning: High toxicity (0.7 per dose). Repeat doses risk overdose.<br/>EXP 09/2019","IMIPENEM<br/>Glass ampoule, 5 doses. Draw with a sterile syringe and inject.<br/>What: Antibiotic, strength 3 of 3. Also treats sepsis.<br/>Use: severe pneumonia and infected wounds (sepsis).<br/>Lasts: 15 min per dose, stacks up to 30 min max<br/>Warning: High toxicity (0.7 per dose). Repeat doses risk overdose.<br/>EXP 09/2019","IMIPENEM<br/>Glass ampoule, 5 doses. Draw with a sterile syringe and inject.<br/>What: Antibiotic, strength 3 of 3. Also treats sepsis.<br/>Use: severe pneumonia and infected wounds (sepsis).<br/>Lasts: 15 min per dose, stacks up to 30 min max<br/>Warning: High toxicity (0.7 per dose). Repeat doses risk overdose.<br/>EXP 09/2019","IMIPENEM<br/>Glass ampoule, 5 doses. Draw with a sterile syringe and inject.<br/>What: Antibiotic, strength 3 of 3. Also treats sepsis.<br/>Use: severe pneumonia and infected wounds (sepsis).<br/>Lasts: 15 min per dose, stacks up to 30 min max<br/>Warning: High toxicity (0.7 per dose). Repeat doses risk overdose.<br/>EXP 09/2019","IMIPENEM<br/>Glass ampoule, 5 doses. Draw with a sterile syringe and inject.<br/>What: Antibiotic, strength 3 of 3. Also treats sepsis.<br/>Use: severe pneumonia and infected wounds (sepsis).<br/>Lasts: 15 min per dose, stacks up to 30 min max<br/>Warning: High toxicity (0.7 per dose). Repeat doses risk overdose.<br/>EXP 09/2019","IMIPENEM<br/>Glass ampoule, 5 doses. Draw with a sterile syringe and inject.<br/>What: Antibiotic, strength 3 of 3. Also treats sepsis.<br/>Use: severe pneumonia and infected wounds (sepsis).<br/>Lasts: 15 min per dose, stacks up to 30 min max<br/>Warning: High toxicity (0.7 per dose). Repeat doses risk overdose.<br/>EXP 09/2019","IMIPENEM<br/>Glass ampoule, 5 doses. Draw with a sterile syringe and inject.<br/>What: Antibiotic, strength 3 of 3. Also treats sepsis.<br/>Use: severe pneumonia and infected wounds (sepsis).<br/>Lasts: 15 min per dose, stacks up to 30 min max<br/>Warning: High toxicity (0.7 per dose). Repeat doses risk overdose.<br/>EXP 09/2019","IMIPENEM<br/>Glass ampoule, 5 doses. Draw with a sterile syringe and inject.<br/>What: Antibiotic, strength 3 of 3. Also treats sepsis.<br/>Use: severe pneumonia and infected wounds (sepsis).<br/>Lasts: 15 min per dose, stacks up to 30 min max<br/>Warning: High toxicity (0.7 per dose). Repeat doses risk overdose.<br/>EXP 09/2019",
"STR_MEDLBL_TERJEAMPOULENOVACAINE","NOVOCAINE<br/>Glass ampoule, 5 doses. Draw with a sterile syringe and inject.<br/>What: Painkiller, strength 2 of 3.<br/>Use: moderate pain from deep cuts and fractures.<br/>Lasts: 20 min per dose, stacks up to 30 min max<br/>Warning: Moderate toxicity (0.4 per dose). Do not stack doses.<br/>EXP 05/2021","NOVOCAINE<br/>Glass ampoule, 5 doses. Draw with a sterile syringe and inject.<br/>What: Painkiller, strength 2 of 3.<br/>Use: moderate pain from deep cuts and fractures.<br/>Lasts: 20 min per dose, stacks up to 30 min max<br/>Warning: Moderate toxicity (0.4 per dose). Do not stack doses.<br/>EXP 05/2021","NOVOCAINE<br/>Glass ampoule, 5 doses. Draw with a sterile syringe and inject.<br/>What: Painkiller, strength 2 of 3.<br/>Use: moderate pain from deep cuts and fractures.<br/>Lasts: 20 min per dose, stacks up to 30 min max<br/>Warning: Moderate toxicity (0.4 per dose). Do not stack doses.<br/>EXP 05/2021","NOVOCAINE<br/>Glass ampoule, 5 doses. Draw with a sterile syringe and inject.<br/>What: Painkiller, strength 2 of 3.<br/>Use: moderate pain from deep cuts and fractures.<br/>Lasts: 20 min per dose, stacks up to 30 min max<br/>Warning: Moderate toxicity (0.4 per dose). Do not stack doses.<br/>EXP 05/2021","NOVOCAINE<br/>Glass ampoule, 5 doses. Draw with a sterile syringe and inject.<br/>What: Painkiller, strength 2 of 3.<br/>Use: moderate pain from deep cuts and fractures.<br/>Lasts: 20 min per dose, stacks up to 30 min max<br/>Warning: Moderate toxicity (0.4 per dose). Do not stack doses.<br/>EXP 05/2021","NOVOCAINE<br/>Glass ampoule, 5 doses. Draw with a sterile syringe and inject.<br/>What: Painkiller, strength 2 of 3.<br/>Use: moderate pain from deep cuts and fractures.<br/>Lasts: 20 min per dose, stacks up to 30 min max<br/>Warning: Moderate toxicity (0.4 per dose). Do not stack doses.<br/>EXP 05/2021","NOVOCAINE<br/>Glass ampoule, 5 doses. Draw with a sterile syringe and inject.<br/>What: Painkiller, strength 2 of 3.<br/>Use: moderate pain from deep cuts and fractures.<br/>Lasts: 20 min per dose, stacks up to 30 min max<br/>Warning: Moderate toxicity (0.4 per dose). Do not stack doses.<br/>EXP 05/2021","NOVOCAINE<br/>Glass ampoule, 5 doses. Draw with a sterile syringe and inject.<br/>What: Painkiller, strength 2 of 3.<br/>Use: moderate pain from deep cuts and fractures.<br/>Lasts: 20 min per dose, stacks up to 30 min max<br/>Warning: Moderate toxicity (0.4 per dose). Do not stack doses.<br/>EXP 05/2021","NOVOCAINE<br/>Glass ampoule, 5 doses. Draw with a sterile syringe and inject.<br/>What: Painkiller, strength 2 of 3.<br/>Use: moderate pain from deep cuts and fractures.<br/>Lasts: 20 min per dose, stacks up to 30 min max<br/>Warning: Moderate toxicity (0.4 per dose). Do not stack doses.<br/>EXP 05/2021","NOVOCAINE<br/>Glass ampoule, 5 doses. Draw with a sterile syringe and inject.<br/>What: Painkiller, strength 2 of 3.<br/>Use: moderate pain from deep cuts and fractures.<br/>Lasts: 20 min per dose, stacks up to 30 min max<br/>Warning: Moderate toxicity (0.4 per dose). Do not stack doses.<br/>EXP 05/2021","NOVOCAINE<br/>Glass ampoule, 5 doses. Draw with a sterile syringe and inject.<br/>What: Painkiller, strength 2 of 3.<br/>Use: moderate pain from deep cuts and fractures.<br/>Lasts: 20 min per dose, stacks up to 30 min max<br/>Warning: Moderate toxicity (0.4 per dose). Do not stack doses.<br/>EXP 05/2021","NOVOCAINE<br/>Glass ampoule, 5 doses. Draw with a sterile syringe and inject.<br/>What: Painkiller, strength 2 of 3.<br/>Use: moderate pain from deep cuts and fractures.<br/>Lasts: 20 min per dose, stacks up to 30 min max<br/>Warning: Moderate toxicity (0.4 per dose). Do not stack doses.<br/>EXP 05/2021","NOVOCAINE<br/>Glass ampoule, 5 doses. Draw with a sterile syringe and inject.<br/>What: Painkiller, strength 2 of 3.<br/>Use: moderate pain from deep cuts and fractures.<br/>Lasts: 20 min per dose, stacks up to 30 min max<br/>Warning: Moderate toxicity (0.4 per dose). Do not stack doses.<br/>EXP 05/2021","NOVOCAINE<br/>Glass ampoule, 5 doses. Draw with a sterile syringe and inject.<br/>What: Painkiller, strength 2 of 3.<br/>Use: moderate pain from deep cuts and fractures.<br/>Lasts: 20 min per dose, stacks up to 30 min max<br/>Warning: Moderate toxicity (0.4 per dose). Do not stack doses.<br/>EXP 05/2021",
"STR_MEDLBL_TERJEAMPOULEMORPHINE","MORPHINOCIN<br/>Glass ampoule, 5 doses. Draw with a sterile syringe and inject.<br/>What: Opioid painkiller, strength 3 of 3.<br/>Use: severe pain from gunshot wounds and surgery.<br/>Lasts: ~14 min per dose, stacks up to 30 min max<br/>Warning: Moderate toxicity (0.52 per dose). Do not stack doses.<br/>EXP 12/2019","MORPHINOCIN<br/>Glass ampoule, 5 doses. Draw with a sterile syringe and inject.<br/>What: Opioid painkiller, strength 3 of 3.<br/>Use: severe pain from gunshot wounds and surgery.<br/>Lasts: ~14 min per dose, stacks up to 30 min max<br/>Warning: Moderate toxicity (0.52 per dose). Do not stack doses.<br/>EXP 12/2019","MORPHINOCIN<br/>Glass ampoule, 5 doses. Draw with a sterile syringe and inject.<br/>What: Opioid painkiller, strength 3 of 3.<br/>Use: severe pain from gunshot wounds and surgery.<br/>Lasts: ~14 min per dose, stacks up to 30 min max<br/>Warning: Moderate toxicity (0.52 per dose). Do not stack doses.<br/>EXP 12/2019","MORPHINOCIN<br/>Glass ampoule, 5 doses. Draw with a sterile syringe and inject.<br/>What: Opioid painkiller, strength 3 of 3.<br/>Use: severe pain from gunshot wounds and surgery.<br/>Lasts: ~14 min per dose, stacks up to 30 min max<br/>Warning: Moderate toxicity (0.52 per dose). Do not stack doses.<br/>EXP 12/2019","MORPHINOCIN<br/>Glass ampoule, 5 doses. Draw with a sterile syringe and inject.<br/>What: Opioid painkiller, strength 3 of 3.<br/>Use: severe pain from gunshot wounds and surgery.<br/>Lasts: ~14 min per dose, stacks up to 30 min max<br/>Warning: Moderate toxicity (0.52 per dose). Do not stack doses.<br/>EXP 12/2019","MORPHINOCIN<br/>Glass ampoule, 5 doses. Draw with a sterile syringe and inject.<br/>What: Opioid painkiller, strength 3 of 3.<br/>Use: severe pain from gunshot wounds and surgery.<br/>Lasts: ~14 min per dose, stacks up to 30 min max<br/>Warning: Moderate toxicity (0.52 per dose). Do not stack doses.<br/>EXP 12/2019","MORPHINOCIN<br/>Glass ampoule, 5 doses. Draw with a sterile syringe and inject.<br/>What: Opioid painkiller, strength 3 of 3.<br/>Use: severe pain from gunshot wounds and surgery.<br/>Lasts: ~14 min per dose, stacks up to 30 min max<br/>Warning: Moderate toxicity (0.52 per dose). Do not stack doses.<br/>EXP 12/2019","MORPHINOCIN<br/>Glass ampoule, 5 doses. Draw with a sterile syringe and inject.<br/>What: Opioid painkiller, strength 3 of 3.<br/>Use: severe pain from gunshot wounds and surgery.<br/>Lasts: ~14 min per dose, stacks up to 30 min max<br/>Warning: Moderate toxicity (0.52 per dose). Do not stack doses.<br/>EXP 12/2019","MORPHINOCIN<br/>Glass ampoule, 5 doses. Draw with a sterile syringe and inject.<br/>What: Opioid painkiller, strength 3 of 3.<br/>Use: severe pain from gunshot wounds and surgery.<br/>Lasts: ~14 min per dose, stacks up to 30 min max<br/>Warning: Moderate toxicity (0.52 per dose). Do not stack doses.<br/>EXP 12/2019","MORPHINOCIN<br/>Glass ampoule, 5 doses. Draw with a sterile syringe and inject.<br/>What: Opioid painkiller, strength 3 of 3.<br/>Use: severe pain from gunshot wounds and surgery.<br/>Lasts: ~14 min per dose, stacks up to 30 min max<br/>Warning: Moderate toxicity (0.52 per dose). Do not stack doses.<br/>EXP 12/2019","MORPHINOCIN<br/>Glass ampoule, 5 doses. Draw with a sterile syringe and inject.<br/>What: Opioid painkiller, strength 3 of 3.<br/>Use: severe pain from gunshot wounds and surgery.<br/>Lasts: ~14 min per dose, stacks up to 30 min max<br/>Warning: Moderate toxicity (0.52 per dose). Do not stack doses.<br/>EXP 12/2019","MORPHINOCIN<br/>Glass ampoule, 5 doses. Draw with a sterile syringe and inject.<br/>What: Opioid painkiller, strength 3 of 3.<br/>Use: severe pain from gunshot wounds and surgery.<br/>Lasts: ~14 min per dose, stacks up to 30 min max<br/>Warning: Moderate toxicity (0.52 per dose). Do not stack doses.<br/>EXP 12/2019","MORPHINOCIN<br/>Glass ampoule, 5 doses. Draw with a sterile syringe and inject.<br/>What: Opioid painkiller, strength 3 of 3.<br/>Use: severe pain from gunshot wounds and surgery.<br/>Lasts: ~14 min per dose, stacks up to 30 min max<br/>Warning: Moderate toxicity (0.52 per dose). Do not stack doses.<br/>EXP 12/2019","MORPHINOCIN<br/>Glass ampoule, 5 doses. Draw with a sterile syringe and inject.<br/>What: Opioid painkiller, strength 3 of 3.<br/>Use: severe pain from gunshot wounds and surgery.<br/>Lasts: ~14 min per dose, stacks up to 30 min max<br/>Warning: Moderate toxicity (0.52 per dose). Do not stack doses.<br/>EXP 12/2019",
"STR_MEDLBL_TERJEAMPOULEGEXOBARBITAL","HEXOBARBITAL<br/>Glass ampoule, 5 doses. Draw with a sterile syringe and inject.<br/>What: Barbiturate painkiller, strength 3 of 3.<br/>Use: severe pain from gunshot wounds and surgery.<br/>Lasts: 15 min per dose, stacks up to 30 min max<br/>Warning: High toxicity (0.65 per dose). Repeat doses risk overdose.<br/>EXP 06/2020","HEXOBARBITAL<br/>Glass ampoule, 5 doses. Draw with a sterile syringe and inject.<br/>What: Barbiturate painkiller, strength 3 of 3.<br/>Use: severe pain from gunshot wounds and surgery.<br/>Lasts: 15 min per dose, stacks up to 30 min max<br/>Warning: High toxicity (0.65 per dose). Repeat doses risk overdose.<br/>EXP 06/2020","HEXOBARBITAL<br/>Glass ampoule, 5 doses. Draw with a sterile syringe and inject.<br/>What: Barbiturate painkiller, strength 3 of 3.<br/>Use: severe pain from gunshot wounds and surgery.<br/>Lasts: 15 min per dose, stacks up to 30 min max<br/>Warning: High toxicity (0.65 per dose). Repeat doses risk overdose.<br/>EXP 06/2020","HEXOBARBITAL<br/>Glass ampoule, 5 doses. Draw with a sterile syringe and inject.<br/>What: Barbiturate painkiller, strength 3 of 3.<br/>Use: severe pain from gunshot wounds and surgery.<br/>Lasts: 15 min per dose, stacks up to 30 min max<br/>Warning: High toxicity (0.65 per dose). Repeat doses risk overdose.<br/>EXP 06/2020","HEXOBARBITAL<br/>Glass ampoule, 5 doses. Draw with a sterile syringe and inject.<br/>What: Barbiturate painkiller, strength 3 of 3.<br/>Use: severe pain from gunshot wounds and surgery.<br/>Lasts: 15 min per dose, stacks up to 30 min max<br/>Warning: High toxicity (0.65 per dose). Repeat doses risk overdose.<br/>EXP 06/2020","HEXOBARBITAL<br/>Glass ampoule, 5 doses. Draw with a sterile syringe and inject.<br/>What: Barbiturate painkiller, strength 3 of 3.<br/>Use: severe pain from gunshot wounds and surgery.<br/>Lasts: 15 min per dose, stacks up to 30 min max<br/>Warning: High toxicity (0.65 per dose). Repeat doses risk overdose.<br/>EXP 06/2020","HEXOBARBITAL<br/>Glass ampoule, 5 doses. Draw with a sterile syringe and inject.<br/>What: Barbiturate painkiller, strength 3 of 3.<br/>Use: severe pain from gunshot wounds and surgery.<br/>Lasts: 15 min per dose, stacks up to 30 min max<br/>Warning: High toxicity (0.65 per dose). Repeat doses risk overdose.<br/>EXP 06/2020","HEXOBARBITAL<br/>Glass ampoule, 5 doses. Draw with a sterile syringe and inject.<br/>What: Barbiturate painkiller, strength 3 of 3.<br/>Use: severe pain from gunshot wounds and surgery.<br/>Lasts: 15 min per dose, stacks up to 30 min max<br/>Warning: High toxicity (0.65 per dose). Repeat doses risk overdose.<br/>EXP 06/2020","HEXOBARBITAL<br/>Glass ampoule, 5 doses. Draw with a sterile syringe and inject.<br/>What: Barbiturate painkiller, strength 3 of 3.<br/>Use: severe pain from gunshot wounds and surgery.<br/>Lasts: 15 min per dose, stacks up to 30 min max<br/>Warning: High toxicity (0.65 per dose). Repeat doses risk overdose.<br/>EXP 06/2020","HEXOBARBITAL<br/>Glass ampoule, 5 doses. Draw with a sterile syringe and inject.<br/>What: Barbiturate painkiller, strength 3 of 3.<br/>Use: severe pain from gunshot wounds and surgery.<br/>Lasts: 15 min per dose, stacks up to 30 min max<br/>Warning: High toxicity (0.65 per dose). Repeat doses risk overdose.<br/>EXP 06/2020","HEXOBARBITAL<br/>Glass ampoule, 5 doses. Draw with a sterile syringe and inject.<br/>What: Barbiturate painkiller, strength 3 of 3.<br/>Use: severe pain from gunshot wounds and surgery.<br/>Lasts: 15 min per dose, stacks up to 30 min max<br/>Warning: High toxicity (0.65 per dose). Repeat doses risk overdose.<br/>EXP 06/2020","HEXOBARBITAL<br/>Glass ampoule, 5 doses. Draw with a sterile syringe and inject.<br/>What: Barbiturate painkiller, strength 3 of 3.<br/>Use: severe pain from gunshot wounds and surgery.<br/>Lasts: 15 min per dose, stacks up to 30 min max<br/>Warning: High toxicity (0.65 per dose). Repeat doses risk overdose.<br/>EXP 06/2020","HEXOBARBITAL<br/>Glass ampoule, 5 doses. Draw with a sterile syringe and inject.<br/>What: Barbiturate painkiller, strength 3 of 3.<br/>Use: severe pain from gunshot wounds and surgery.<br/>Lasts: 15 min per dose, stacks up to 30 min max<br/>Warning: High toxicity (0.65 per dose). Repeat doses risk overdose.<br/>EXP 06/2020","HEXOBARBITAL<br/>Glass ampoule, 5 doses. Draw with a sterile syringe and inject.<br/>What: Barbiturate painkiller, strength 3 of 3.<br/>Use: severe pain from gunshot wounds and surgery.<br/>Lasts: 15 min per dose, stacks up to 30 min max<br/>Warning: High toxicity (0.65 per dose). Repeat doses risk overdose.<br/>EXP 06/2020",
"STR_MEDLBL_TERJEAMPOULEKETAMIN","KETAMINE<br/>Glass ampoule, 5 doses. Draw with a sterile syringe and inject.<br/>What: Anesthetic painkiller, strength 3 of 3.<br/>Use: severe pain from gunshot wounds and surgery.<br/>Lasts: 10 min per dose, stacks up to 30 min max<br/>Warning: Moderate toxicity (0.45 per dose). Do not stack doses.<br/>EXP 10/2021","KETAMINE<br/>Glass ampoule, 5 doses. Draw with a sterile syringe and inject.<br/>What: Anesthetic painkiller, strength 3 of 3.<br/>Use: severe pain from gunshot wounds and surgery.<br/>Lasts: 10 min per dose, stacks up to 30 min max<br/>Warning: Moderate toxicity (0.45 per dose). Do not stack doses.<br/>EXP 10/2021","KETAMINE<br/>Glass ampoule, 5 doses. Draw with a sterile syringe and inject.<br/>What: Anesthetic painkiller, strength 3 of 3.<br/>Use: severe pain from gunshot wounds and surgery.<br/>Lasts: 10 min per dose, stacks up to 30 min max<br/>Warning: Moderate toxicity (0.45 per dose). Do not stack doses.<br/>EXP 10/2021","KETAMINE<br/>Glass ampoule, 5 doses. Draw with a sterile syringe and inject.<br/>What: Anesthetic painkiller, strength 3 of 3.<br/>Use: severe pain from gunshot wounds and surgery.<br/>Lasts: 10 min per dose, stacks up to 30 min max<br/>Warning: Moderate toxicity (0.45 per dose). Do not stack doses.<br/>EXP 10/2021","KETAMINE<br/>Glass ampoule, 5 doses. Draw with a sterile syringe and inject.<br/>What: Anesthetic painkiller, strength 3 of 3.<br/>Use: severe pain from gunshot wounds and surgery.<br/>Lasts: 10 min per dose, stacks up to 30 min max<br/>Warning: Moderate toxicity (0.45 per dose). Do not stack doses.<br/>EXP 10/2021","KETAMINE<br/>Glass ampoule, 5 doses. Draw with a sterile syringe and inject.<br/>What: Anesthetic painkiller, strength 3 of 3.<br/>Use: severe pain from gunshot wounds and surgery.<br/>Lasts: 10 min per dose, stacks up to 30 min max<br/>Warning: Moderate toxicity (0.45 per dose). Do not stack doses.<br/>EXP 10/2021","KETAMINE<br/>Glass ampoule, 5 doses. Draw with a sterile syringe and inject.<br/>What: Anesthetic painkiller, strength 3 of 3.<br/>Use: severe pain from gunshot wounds and surgery.<br/>Lasts: 10 min per dose, stacks up to 30 min max<br/>Warning: Moderate toxicity (0.45 per dose). Do not stack doses.<br/>EXP 10/2021","KETAMINE<br/>Glass ampoule, 5 doses. Draw with a sterile syringe and inject.<br/>What: Anesthetic painkiller, strength 3 of 3.<br/>Use: severe pain from gunshot wounds and surgery.<br/>Lasts: 10 min per dose, stacks up to 30 min max<br/>Warning: Moderate toxicity (0.45 per dose). Do not stack doses.<br/>EXP 10/2021","KETAMINE<br/>Glass ampoule, 5 doses. Draw with a sterile syringe and inject.<br/>What: Anesthetic painkiller, strength 3 of 3.<br/>Use: severe pain from gunshot wounds and surgery.<br/>Lasts: 10 min per dose, stacks up to 30 min max<br/>Warning: Moderate toxicity (0.45 per dose). Do not stack doses.<br/>EXP 10/2021","KETAMINE<br/>Glass ampoule, 5 doses. Draw with a sterile syringe and inject.<br/>What: Anesthetic painkiller, strength 3 of 3.<br/>Use: severe pain from gunshot wounds and surgery.<br/>Lasts: 10 min per dose, stacks up to 30 min max<br/>Warning: Moderate toxicity (0.45 per dose). Do not stack doses.<br/>EXP 10/2021","KETAMINE<br/>Glass ampoule, 5 doses. Draw with a sterile syringe and inject.<br/>What: Anesthetic painkiller, strength 3 of 3.<br/>Use: severe pain from gunshot wounds and surgery.<br/>Lasts: 10 min per dose, stacks up to 30 min max<br/>Warning: Moderate toxicity (0.45 per dose). Do not stack doses.<br/>EXP 10/2021","KETAMINE<br/>Glass ampoule, 5 doses. Draw with a sterile syringe and inject.<br/>What: Anesthetic painkiller, strength 3 of 3.<br/>Use: severe pain from gunshot wounds and surgery.<br/>Lasts: 10 min per dose, stacks up to 30 min max<br/>Warning: Moderate toxicity (0.45 per dose). Do not stack doses.<br/>EXP 10/2021","KETAMINE<br/>Glass ampoule, 5 doses. Draw with a sterile syringe and inject.<br/>What: Anesthetic painkiller, strength 3 of 3.<br/>Use: severe pain from gunshot wounds and surgery.<br/>Lasts: 10 min per dose, stacks up to 30 min max<br/>Warning: Moderate toxicity (0.45 per dose). Do not stack doses.<br/>EXP 10/2021","KETAMINE<br/>Glass ampoule, 5 doses. Draw with a sterile syringe and inject.<br/>What: Anesthetic painkiller, strength 3 of 3.<br/>Use: severe pain from gunshot wounds and surgery.<br/>Lasts: 10 min per dose, stacks up to 30 min max<br/>Warning: Moderate toxicity (0.45 per dose). Do not stack doses.<br/>EXP 10/2021",
"STR_MEDLBL_TERJEAMPOULEMETOCLOPRAMID","METOCLOPRAMID<br/>Glass ampoule, 5 doses. Draw with a sterile syringe and inject.<br/>What: Antiemetic antipoison, strength 2 of 3.<br/>Use: moderate food poisoning with vomiting.<br/>Lasts: 20 min per dose, stacks up to 30 min max<br/>Warning: Moderate toxicity (0.4 per dose). Do not stack doses.<br/>EXP 08/2021","METOCLOPRAMID<br/>Glass ampoule, 5 doses. Draw with a sterile syringe and inject.<br/>What: Antiemetic antipoison, strength 2 of 3.<br/>Use: moderate food poisoning with vomiting.<br/>Lasts: 20 min per dose, stacks up to 30 min max<br/>Warning: Moderate toxicity (0.4 per dose). Do not stack doses.<br/>EXP 08/2021","METOCLOPRAMID<br/>Glass ampoule, 5 doses. Draw with a sterile syringe and inject.<br/>What: Antiemetic antipoison, strength 2 of 3.<br/>Use: moderate food poisoning with vomiting.<br/>Lasts: 20 min per dose, stacks up to 30 min max<br/>Warning: Moderate toxicity (0.4 per dose). Do not stack doses.<br/>EXP 08/2021","METOCLOPRAMID<br/>Glass ampoule, 5 doses. Draw with a sterile syringe and inject.<br/>What: Antiemetic antipoison, strength 2 of 3.<br/>Use: moderate food poisoning with vomiting.<br/>Lasts: 20 min per dose, stacks up to 30 min max<br/>Warning: Moderate toxicity (0.4 per dose). Do not stack doses.<br/>EXP 08/2021","METOCLOPRAMID<br/>Glass ampoule, 5 doses. Draw with a sterile syringe and inject.<br/>What: Antiemetic antipoison, strength 2 of 3.<br/>Use: moderate food poisoning with vomiting.<br/>Lasts: 20 min per dose, stacks up to 30 min max<br/>Warning: Moderate toxicity (0.4 per dose). Do not stack doses.<br/>EXP 08/2021","METOCLOPRAMID<br/>Glass ampoule, 5 doses. Draw with a sterile syringe and inject.<br/>What: Antiemetic antipoison, strength 2 of 3.<br/>Use: moderate food poisoning with vomiting.<br/>Lasts: 20 min per dose, stacks up to 30 min max<br/>Warning: Moderate toxicity (0.4 per dose). Do not stack doses.<br/>EXP 08/2021","METOCLOPRAMID<br/>Glass ampoule, 5 doses. Draw with a sterile syringe and inject.<br/>What: Antiemetic antipoison, strength 2 of 3.<br/>Use: moderate food poisoning with vomiting.<br/>Lasts: 20 min per dose, stacks up to 30 min max<br/>Warning: Moderate toxicity (0.4 per dose). Do not stack doses.<br/>EXP 08/2021","METOCLOPRAMID<br/>Glass ampoule, 5 doses. Draw with a sterile syringe and inject.<br/>What: Antiemetic antipoison, strength 2 of 3.<br/>Use: moderate food poisoning with vomiting.<br/>Lasts: 20 min per dose, stacks up to 30 min max<br/>Warning: Moderate toxicity (0.4 per dose). Do not stack doses.<br/>EXP 08/2021","METOCLOPRAMID<br/>Glass ampoule, 5 doses. Draw with a sterile syringe and inject.<br/>What: Antiemetic antipoison, strength 2 of 3.<br/>Use: moderate food poisoning with vomiting.<br/>Lasts: 20 min per dose, stacks up to 30 min max<br/>Warning: Moderate toxicity (0.4 per dose). Do not stack doses.<br/>EXP 08/2021","METOCLOPRAMID<br/>Glass ampoule, 5 doses. Draw with a sterile syringe and inject.<br/>What: Antiemetic antipoison, strength 2 of 3.<br/>Use: moderate food poisoning with vomiting.<br/>Lasts: 20 min per dose, stacks up to 30 min max<br/>Warning: Moderate toxicity (0.4 per dose). Do not stack doses.<br/>EXP 08/2021","METOCLOPRAMID<br/>Glass ampoule, 5 doses. Draw with a sterile syringe and inject.<br/>What: Antiemetic antipoison, strength 2 of 3.<br/>Use: moderate food poisoning with vomiting.<br/>Lasts: 20 min per dose, stacks up to 30 min max<br/>Warning: Moderate toxicity (0.4 per dose). Do not stack doses.<br/>EXP 08/2021","METOCLOPRAMID<br/>Glass ampoule, 5 doses. Draw with a sterile syringe and inject.<br/>What: Antiemetic antipoison, strength 2 of 3.<br/>Use: moderate food poisoning with vomiting.<br/>Lasts: 20 min per dose, stacks up to 30 min max<br/>Warning: Moderate toxicity (0.4 per dose). Do not stack doses.<br/>EXP 08/2021","METOCLOPRAMID<br/>Glass ampoule, 5 doses. Draw with a sterile syringe and inject.<br/>What: Antiemetic antipoison, strength 2 of 3.<br/>Use: moderate food poisoning with vomiting.<br/>Lasts: 20 min per dose, stacks up to 30 min max<br/>Warning: Moderate toxicity (0.4 per dose). Do not stack doses.<br/>EXP 08/2021","METOCLOPRAMID<br/>Glass ampoule, 5 doses. Draw with a sterile syringe and inject.<br/>What: Antiemetic antipoison, strength 2 of 3.<br/>Use: moderate food poisoning with vomiting.<br/>Lasts: 20 min per dose, stacks up to 30 min max<br/>Warning: Moderate toxicity (0.4 per dose). Do not stack doses.<br/>EXP 08/2021",
"STR_MEDLBL_TERJEAMPOULEHEPTRAL","HEPTRAL<br/>Glass ampoule, 5 doses. Draw with a sterile syringe and inject.<br/>What: Liver protector antipoison, strength 3 of 3.<br/>Use: severe food poisoning with dehydration.<br/>Lasts: 10 min per dose, stacks up to 30 min max<br/>Warning: Moderate toxicity (0.6 per dose). Do not stack doses.<br/>EXP 02/2020","HEPTRAL<br/>Glass ampoule, 5 doses. Draw with a sterile syringe and inject.<br/>What: Liver protector antipoison, strength 3 of 3.<br/>Use: severe food poisoning with dehydration.<br/>Lasts: 10 min per dose, stacks up to 30 min max<br/>Warning: Moderate toxicity (0.6 per dose). Do not stack doses.<br/>EXP 02/2020","HEPTRAL<br/>Glass ampoule, 5 doses. Draw with a sterile syringe and inject.<br/>What: Liver protector antipoison, strength 3 of 3.<br/>Use: severe food poisoning with dehydration.<br/>Lasts: 10 min per dose, stacks up to 30 min max<br/>Warning: Moderate toxicity (0.6 per dose). Do not stack doses.<br/>EXP 02/2020","HEPTRAL<br/>Glass ampoule, 5 doses. Draw with a sterile syringe and inject.<br/>What: Liver protector antipoison, strength 3 of 3.<br/>Use: severe food poisoning with dehydration.<br/>Lasts: 10 min per dose, stacks up to 30 min max<br/>Warning: Moderate toxicity (0.6 per dose). Do not stack doses.<br/>EXP 02/2020","HEPTRAL<br/>Glass ampoule, 5 doses. Draw with a sterile syringe and inject.<br/>What: Liver protector antipoison, strength 3 of 3.<br/>Use: severe food poisoning with dehydration.<br/>Lasts: 10 min per dose, stacks up to 30 min max<br/>Warning: Moderate toxicity (0.6 per dose). Do not stack doses.<br/>EXP 02/2020","HEPTRAL<br/>Glass ampoule, 5 doses. Draw with a sterile syringe and inject.<br/>What: Liver protector antipoison, strength 3 of 3.<br/>Use: severe food poisoning with dehydration.<br/>Lasts: 10 min per dose, stacks up to 30 min max<br/>Warning: Moderate toxicity (0.6 per dose). Do not stack doses.<br/>EXP 02/2020","HEPTRAL<br/>Glass ampoule, 5 doses. Draw with a sterile syringe and inject.<br/>What: Liver protector antipoison, strength 3 of 3.<br/>Use: severe food poisoning with dehydration.<br/>Lasts: 10 min per dose, stacks up to 30 min max<br/>Warning: Moderate toxicity (0.6 per dose). Do not stack doses.<br/>EXP 02/2020","HEPTRAL<br/>Glass ampoule, 5 doses. Draw with a sterile syringe and inject.<br/>What: Liver protector antipoison, strength 3 of 3.<br/>Use: severe food poisoning with dehydration.<br/>Lasts: 10 min per dose, stacks up to 30 min max<br/>Warning: Moderate toxicity (0.6 per dose). Do not stack doses.<br/>EXP 02/2020","HEPTRAL<br/>Glass ampoule, 5 doses. Draw with a sterile syringe and inject.<br/>What: Liver protector antipoison, strength 3 of 3.<br/>Use: severe food poisoning with dehydration.<br/>Lasts: 10 min per dose, stacks up to 30 min max<br/>Warning: Moderate toxicity (0.6 per dose). Do not stack doses.<br/>EXP 02/2020","HEPTRAL<br/>Glass ampoule, 5 doses. Draw with a sterile syringe and inject.<br/>What: Liver protector antipoison, strength 3 of 3.<br/>Use: severe food poisoning with dehydration.<br/>Lasts: 10 min per dose, stacks up to 30 min max<br/>Warning: Moderate toxicity (0.6 per dose). Do not stack doses.<br/>EXP 02/2020","HEPTRAL<br/>Glass ampoule, 5 doses. Draw with a sterile syringe and inject.<br/>What: Liver protector antipoison, strength 3 of 3.<br/>Use: severe food poisoning with dehydration.<br/>Lasts: 10 min per dose, stacks up to 30 min max<br/>Warning: Moderate toxicity (0.6 per dose). Do not stack doses.<br/>EXP 02/2020","HEPTRAL<br/>Glass ampoule, 5 doses. Draw with a sterile syringe and inject.<br/>What: Liver protector antipoison, strength 3 of 3.<br/>Use: severe food poisoning with dehydration.<br/>Lasts: 10 min per dose, stacks up to 30 min max<br/>Warning: Moderate toxicity (0.6 per dose). Do not stack doses.<br/>EXP 02/2020","HEPTRAL<br/>Glass ampoule, 5 doses. Draw with a sterile syringe and inject.<br/>What: Liver protector antipoison, strength 3 of 3.<br/>Use: severe food poisoning with dehydration.<br/>Lasts: 10 min per dose, stacks up to 30 min max<br/>Warning: Moderate toxicity (0.6 per dose). Do not stack doses.<br/>EXP 02/2020","HEPTRAL<br/>Glass ampoule, 5 doses. Draw with a sterile syringe and inject.<br/>What: Liver protector antipoison, strength 3 of 3.<br/>Use: severe food poisoning with dehydration.<br/>Lasts: 10 min per dose, stacks up to 30 min max<br/>Warning: Moderate toxicity (0.6 per dose). Do not stack doses.<br/>EXP 02/2020",
"STR_MEDLBL_TERJEAMPOULENEIROX","NEIROX<br/>Glass ampoule, 5 doses. Draw with a sterile syringe and inject.<br/>What: Concussion treatment.<br/>Use: headache, dizziness and blurred vision after head trauma.<br/>Lasts: 10 min per dose, stacks up to 30 min max<br/>Warning: Moderate toxicity (0.6 per dose). Do not stack doses.<br/>EXP 04/2019","NEIROX<br/>Glass ampoule, 5 doses. Draw with a sterile syringe and inject.<br/>What: Concussion treatment.<br/>Use: headache, dizziness and blurred vision after head trauma.<br/>Lasts: 10 min per dose, stacks up to 30 min max<br/>Warning: Moderate toxicity (0.6 per dose). Do not stack doses.<br/>EXP 04/2019","NEIROX<br/>Glass ampoule, 5 doses. Draw with a sterile syringe and inject.<br/>What: Concussion treatment.<br/>Use: headache, dizziness and blurred vision after head trauma.<br/>Lasts: 10 min per dose, stacks up to 30 min max<br/>Warning: Moderate toxicity (0.6 per dose). Do not stack doses.<br/>EXP 04/2019","NEIROX<br/>Glass ampoule, 5 doses. Draw with a sterile syringe and inject.<br/>What: Concussion treatment.<br/>Use: headache, dizziness and blurred vision after head trauma.<br/>Lasts: 10 min per dose, stacks up to 30 min max<br/>Warning: Moderate toxicity (0.6 per dose). Do not stack doses.<br/>EXP 04/2019","NEIROX<br/>Glass ampoule, 5 doses. Draw with a sterile syringe and inject.<br/>What: Concussion treatment.<br/>Use: headache, dizziness and blurred vision after head trauma.<br/>Lasts: 10 min per dose, stacks up to 30 min max<br/>Warning: Moderate toxicity (0.6 per dose). Do not stack doses.<br/>EXP 04/2019","NEIROX<br/>Glass ampoule, 5 doses. Draw with a sterile syringe and inject.<br/>What: Concussion treatment.<br/>Use: headache, dizziness and blurred vision after head trauma.<br/>Lasts: 10 min per dose, stacks up to 30 min max<br/>Warning: Moderate toxicity (0.6 per dose). Do not stack doses.<br/>EXP 04/2019","NEIROX<br/>Glass ampoule, 5 doses. Draw with a sterile syringe and inject.<br/>What: Concussion treatment.<br/>Use: headache, dizziness and blurred vision after head trauma.<br/>Lasts: 10 min per dose, stacks up to 30 min max<br/>Warning: Moderate toxicity (0.6 per dose). Do not stack doses.<br/>EXP 04/2019","NEIROX<br/>Glass ampoule, 5 doses. Draw with a sterile syringe and inject.<br/>What: Concussion treatment.<br/>Use: headache, dizziness and blurred vision after head trauma.<br/>Lasts: 10 min per dose, stacks up to 30 min max<br/>Warning: Moderate toxicity (0.6 per dose). Do not stack doses.<br/>EXP 04/2019","NEIROX<br/>Glass ampoule, 5 doses. Draw with a sterile syringe and inject.<br/>What: Concussion treatment.<br/>Use: headache, dizziness and blurred vision after head trauma.<br/>Lasts: 10 min per dose, stacks up to 30 min max<br/>Warning: Moderate toxicity (0.6 per dose). Do not stack doses.<br/>EXP 04/2019","NEIROX<br/>Glass ampoule, 5 doses. Draw with a sterile syringe and inject.<br/>What: Concussion treatment.<br/>Use: headache, dizziness and blurred vision after head trauma.<br/>Lasts: 10 min per dose, stacks up to 30 min max<br/>Warning: Moderate toxicity (0.6 per dose). Do not stack doses.<br/>EXP 04/2019","NEIROX<br/>Glass ampoule, 5 doses. Draw with a sterile syringe and inject.<br/>What: Concussion treatment.<br/>Use: headache, dizziness and blurred vision after head trauma.<br/>Lasts: 10 min per dose, stacks up to 30 min max<br/>Warning: Moderate toxicity (0.6 per dose). Do not stack doses.<br/>EXP 04/2019","NEIROX<br/>Glass ampoule, 5 doses. Draw with a sterile syringe and inject.<br/>What: Concussion treatment.<br/>Use: headache, dizziness and blurred vision after head trauma.<br/>Lasts: 10 min per dose, stacks up to 30 min max<br/>Warning: Moderate toxicity (0.6 per dose). Do not stack doses.<br/>EXP 04/2019","NEIROX<br/>Glass ampoule, 5 doses. Draw with a sterile syringe and inject.<br/>What: Concussion treatment.<br/>Use: headache, dizziness and blurred vision after head trauma.<br/>Lasts: 10 min per dose, stacks up to 30 min max<br/>Warning: Moderate toxicity (0.6 per dose). Do not stack doses.<br/>EXP 04/2019","NEIROX<br/>Glass ampoule, 5 doses. Draw with a sterile syringe and inject.<br/>What: Concussion treatment.<br/>Use: headache, dizziness and blurred vision after head trauma.<br/>Lasts: 10 min per dose, stacks up to 30 min max<br/>Warning: Moderate toxicity (0.6 per dose). Do not stack doses.<br/>EXP 04/2019",
"STR_MEDLBL_TERJEAMPOULEERYTHROPOETIN","ERYTHROPOIETIN<br/>Glass ampoule, 5 doses. Draw with a sterile syringe and inject.<br/>What: Blood regeneration, strength 1.<br/>Use: faster blood recovery after bleeding.<br/>Lasts: 10 min per dose, stacks up to 30 min max<br/>Warning: Moderate toxicity (0.4 per dose). Do not stack doses.<br/>EXP 03/2022","ERYTHROPOIETIN<br/>Glass ampoule, 5 doses. Draw with a sterile syringe and inject.<br/>What: Blood regeneration, strength 1.<br/>Use: faster blood recovery after bleeding.<br/>Lasts: 10 min per dose, stacks up to 30 min max<br/>Warning: Moderate toxicity (0.4 per dose). Do not stack doses.<br/>EXP 03/2022","ERYTHROPOIETIN<br/>Glass ampoule, 5 doses. Draw with a sterile syringe and inject.<br/>What: Blood regeneration, strength 1.<br/>Use: faster blood recovery after bleeding.<br/>Lasts: 10 min per dose, stacks up to 30 min max<br/>Warning: Moderate toxicity (0.4 per dose). Do not stack doses.<br/>EXP 03/2022","ERYTHROPOIETIN<br/>Glass ampoule, 5 doses. Draw with a sterile syringe and inject.<br/>What: Blood regeneration, strength 1.<br/>Use: faster blood recovery after bleeding.<br/>Lasts: 10 min per dose, stacks up to 30 min max<br/>Warning: Moderate toxicity (0.4 per dose). Do not stack doses.<br/>EXP 03/2022","ERYTHROPOIETIN<br/>Glass ampoule, 5 doses. Draw with a sterile syringe and inject.<br/>What: Blood regeneration, strength 1.<br/>Use: faster blood recovery after bleeding.<br/>Lasts: 10 min per dose, stacks up to 30 min max<br/>Warning: Moderate toxicity (0.4 per dose). Do not stack doses.<br/>EXP 03/2022","ERYTHROPOIETIN<br/>Glass ampoule, 5 doses. Draw with a sterile syringe and inject.<br/>What: Blood regeneration, strength 1.<br/>Use: faster blood recovery after bleeding.<br/>Lasts: 10 min per dose, stacks up to 30 min max<br/>Warning: Moderate toxicity (0.4 per dose). Do not stack doses.<br/>EXP 03/2022","ERYTHROPOIETIN<br/>Glass ampoule, 5 doses. Draw with a sterile syringe and inject.<br/>What: Blood regeneration, strength 1.<br/>Use: faster blood recovery after bleeding.<br/>Lasts: 10 min per dose, stacks up to 30 min max<br/>Warning: Moderate toxicity (0.4 per dose). Do not stack doses.<br/>EXP 03/2022","ERYTHROPOIETIN<br/>Glass ampoule, 5 doses. Draw with a sterile syringe and inject.<br/>What: Blood regeneration, strength 1.<br/>Use: faster blood recovery after bleeding.<br/>Lasts: 10 min per dose, stacks up to 30 min max<br/>Warning: Moderate toxicity (0.4 per dose). Do not stack doses.<br/>EXP 03/2022","ERYTHROPOIETIN<br/>Glass ampoule, 5 doses. Draw with a sterile syringe and inject.<br/>What: Blood regeneration, strength 1.<br/>Use: faster blood recovery after bleeding.<br/>Lasts: 10 min per dose, stacks up to 30 min max<br/>Warning: Moderate toxicity (0.4 per dose). Do not stack doses.<br/>EXP 03/2022","ERYTHROPOIETIN<br/>Glass ampoule, 5 doses. Draw with a sterile syringe and inject.<br/>What: Blood regeneration, strength 1.<br/>Use: faster blood recovery after bleeding.<br/>Lasts: 10 min per dose, stacks up to 30 min max<br/>Warning: Moderate toxicity (0.4 per dose). Do not stack doses.<br/>EXP 03/2022","ERYTHROPOIETIN<br/>Glass ampoule, 5 doses. Draw with a sterile syringe and inject.<br/>What: Blood regeneration, strength 1.<br/>Use: faster blood recovery after bleeding.<br/>Lasts: 10 min per dose, stacks up to 30 min max<br/>Warning: Moderate toxicity (0.4 per dose). Do not stack doses.<br/>EXP 03/2022","ERYTHROPOIETIN<br/>Glass ampoule, 5 doses. Draw with a sterile syringe and inject.<br/>What: Blood regeneration, strength 1.<br/>Use: faster blood recovery after bleeding.<br/>Lasts: 10 min per dose, stacks up to 30 min max<br/>Warning: Moderate toxicity (0.4 per dose). Do not stack doses.<br/>EXP 03/2022","ERYTHROPOIETIN<br/>Glass ampoule, 5 doses. Draw with a sterile syringe and inject.<br/>What: Blood regeneration, strength 1.<br/>Use: faster blood recovery after bleeding.<br/>Lasts: 10 min per dose, stacks up to 30 min max<br/>Warning: Moderate toxicity (0.4 per dose). Do not stack doses.<br/>EXP 03/2022","ERYTHROPOIETIN<br/>Glass ampoule, 5 doses. Draw with a sterile syringe and inject.<br/>What: Blood regeneration, strength 1.<br/>Use: faster blood recovery after bleeding.<br/>Lasts: 10 min per dose, stacks up to 30 min max<br/>Warning: Moderate toxicity (0.4 per dose). Do not stack doses.<br/>EXP 03/2022",
"STR_MEDLBL_TERJEAMPOULEADRENALIN","ADRENALINE<br/>Glass ampoule, 5 doses. Draw with a sterile syringe and inject.<br/>What: Stimulant.<br/>Use: waking an unconscious patient and restoring stamina.<br/>Lasts: ~4 min per dose, stacks up to 30 min max<br/>Warning: Low toxicity (0.3 per dose). Safe if spaced out.<br/>EXP 07/2019","ADRENALINE<br/>Glass ampoule, 5 doses. Draw with a sterile syringe and inject.<br/>What: Stimulant.<br/>Use: waking an unconscious patient and restoring stamina.<br/>Lasts: ~4 min per dose, stacks up to 30 min max<br/>Warning: Low toxicity (0.3 per dose). Safe if spaced out.<br/>EXP 07/2019","ADRENALINE<br/>Glass ampoule, 5 doses. Draw with a sterile syringe and inject.<br/>What: Stimulant.<br/>Use: waking an unconscious patient and restoring stamina.<br/>Lasts: ~4 min per dose, stacks up to 30 min max<br/>Warning: Low toxicity (0.3 per dose). Safe if spaced out.<br/>EXP 07/2019","ADRENALINE<br/>Glass ampoule, 5 doses. Draw with a sterile syringe and inject.<br/>What: Stimulant.<br/>Use: waking an unconscious patient and restoring stamina.<br/>Lasts: ~4 min per dose, stacks up to 30 min max<br/>Warning: Low toxicity (0.3 per dose). Safe if spaced out.<br/>EXP 07/2019","ADRENALINE<br/>Glass ampoule, 5 doses. Draw with a sterile syringe and inject.<br/>What: Stimulant.<br/>Use: waking an unconscious patient and restoring stamina.<br/>Lasts: ~4 min per dose, stacks up to 30 min max<br/>Warning: Low toxicity (0.3 per dose). Safe if spaced out.<br/>EXP 07/2019","ADRENALINE<br/>Glass ampoule, 5 doses. Draw with a sterile syringe and inject.<br/>What: Stimulant.<br/>Use: waking an unconscious patient and restoring stamina.<br/>Lasts: ~4 min per dose, stacks up to 30 min max<br/>Warning: Low toxicity (0.3 per dose). Safe if spaced out.<br/>EXP 07/2019","ADRENALINE<br/>Glass ampoule, 5 doses. Draw with a sterile syringe and inject.<br/>What: Stimulant.<br/>Use: waking an unconscious patient and restoring stamina.<br/>Lasts: ~4 min per dose, stacks up to 30 min max<br/>Warning: Low toxicity (0.3 per dose). Safe if spaced out.<br/>EXP 07/2019","ADRENALINE<br/>Glass ampoule, 5 doses. Draw with a sterile syringe and inject.<br/>What: Stimulant.<br/>Use: waking an unconscious patient and restoring stamina.<br/>Lasts: ~4 min per dose, stacks up to 30 min max<br/>Warning: Low toxicity (0.3 per dose). Safe if spaced out.<br/>EXP 07/2019","ADRENALINE<br/>Glass ampoule, 5 doses. Draw with a sterile syringe and inject.<br/>What: Stimulant.<br/>Use: waking an unconscious patient and restoring stamina.<br/>Lasts: ~4 min per dose, stacks up to 30 min max<br/>Warning: Low toxicity (0.3 per dose). Safe if spaced out.<br/>EXP 07/2019","ADRENALINE<br/>Glass ampoule, 5 doses. Draw with a sterile syringe and inject.<br/>What: Stimulant.<br/>Use: waking an unconscious patient and restoring stamina.<br/>Lasts: ~4 min per dose, stacks up to 30 min max<br/>Warning: Low toxicity (0.3 per dose). Safe if spaced out.<br/>EXP 07/2019","ADRENALINE<br/>Glass ampoule, 5 doses. Draw with a sterile syringe and inject.<br/>What: Stimulant.<br/>Use: waking an unconscious patient and restoring stamina.<br/>Lasts: ~4 min per dose, stacks up to 30 min max<br/>Warning: Low toxicity (0.3 per dose). Safe if spaced out.<br/>EXP 07/2019","ADRENALINE<br/>Glass ampoule, 5 doses. Draw with a sterile syringe and inject.<br/>What: Stimulant.<br/>Use: waking an unconscious patient and restoring stamina.<br/>Lasts: ~4 min per dose, stacks up to 30 min max<br/>Warning: Low toxicity (0.3 per dose). Safe if spaced out.<br/>EXP 07/2019","ADRENALINE<br/>Glass ampoule, 5 doses. Draw with a sterile syringe and inject.<br/>What: Stimulant.<br/>Use: waking an unconscious patient and restoring stamina.<br/>Lasts: ~4 min per dose, stacks up to 30 min max<br/>Warning: Low toxicity (0.3 per dose). Safe if spaced out.<br/>EXP 07/2019","ADRENALINE<br/>Glass ampoule, 5 doses. Draw with a sterile syringe and inject.<br/>What: Stimulant.<br/>Use: waking an unconscious patient and restoring stamina.<br/>Lasts: ~4 min per dose, stacks up to 30 min max<br/>Warning: Low toxicity (0.3 per dose). Safe if spaced out.<br/>EXP 07/2019",
"STR_MEDLBL_TERJEAMPOULEPENTACIN","PENTACIN<br/>Glass ampoule, 5 doses. Draw with a sterile syringe and inject.<br/>What: Radioprotector, strength 2 of 3.<br/>Use: moderate radiation dose.<br/>Lasts: ~7 min per dose, stacks up to 30 min max<br/>Warning: Moderate toxicity (0.5 per dose). Do not stack doses.<br/>EXP 11/2018","PENTACIN<br/>Glass ampoule, 5 doses. Draw with a sterile syringe and inject.<br/>What: Radioprotector, strength 2 of 3.<br/>Use: moderate radiation dose.<br/>Lasts: ~7 min per dose, stacks up to 30 min max<br/>Warning: Moderate toxicity (0.5 per dose). Do not stack doses.<br/>EXP 11/2018","PENTACIN<br/>Glass ampoule, 5 doses. Draw with a sterile syringe and inject.<br/>What: Radioprotector, strength 2 of 3.<br/>Use: moderate radiation dose.<br/>Lasts: ~7 min per dose, stacks up to 30 min max<br/>Warning: Moderate toxicity (0.5 per dose). Do not stack doses.<br/>EXP 11/2018","PENTACIN<br/>Glass ampoule, 5 doses. Draw with a sterile syringe and inject.<br/>What: Radioprotector, strength 2 of 3.<br/>Use: moderate radiation dose.<br/>Lasts: ~7 min per dose, stacks up to 30 min max<br/>Warning: Moderate toxicity (0.5 per dose). Do not stack doses.<br/>EXP 11/2018","PENTACIN<br/>Glass ampoule, 5 doses. Draw with a sterile syringe and inject.<br/>What: Radioprotector, strength 2 of 3.<br/>Use: moderate radiation dose.<br/>Lasts: ~7 min per dose, stacks up to 30 min max<br/>Warning: Moderate toxicity (0.5 per dose). Do not stack doses.<br/>EXP 11/2018","PENTACIN<br/>Glass ampoule, 5 doses. Draw with a sterile syringe and inject.<br/>What: Radioprotector, strength 2 of 3.<br/>Use: moderate radiation dose.<br/>Lasts: ~7 min per dose, stacks up to 30 min max<br/>Warning: Moderate toxicity (0.5 per dose). Do not stack doses.<br/>EXP 11/2018","PENTACIN<br/>Glass ampoule, 5 doses. Draw with a sterile syringe and inject.<br/>What: Radioprotector, strength 2 of 3.<br/>Use: moderate radiation dose.<br/>Lasts: ~7 min per dose, stacks up to 30 min max<br/>Warning: Moderate toxicity (0.5 per dose). Do not stack doses.<br/>EXP 11/2018","PENTACIN<br/>Glass ampoule, 5 doses. Draw with a sterile syringe and inject.<br/>What: Radioprotector, strength 2 of 3.<br/>Use: moderate radiation dose.<br/>Lasts: ~7 min per dose, stacks up to 30 min max<br/>Warning: Moderate toxicity (0.5 per dose). Do not stack doses.<br/>EXP 11/2018","PENTACIN<br/>Glass ampoule, 5 doses. Draw with a sterile syringe and inject.<br/>What: Radioprotector, strength 2 of 3.<br/>Use: moderate radiation dose.<br/>Lasts: ~7 min per dose, stacks up to 30 min max<br/>Warning: Moderate toxicity (0.5 per dose). Do not stack doses.<br/>EXP 11/2018","PENTACIN<br/>Glass ampoule, 5 doses. Draw with a sterile syringe and inject.<br/>What: Radioprotector, strength 2 of 3.<br/>Use: moderate radiation dose.<br/>Lasts: ~7 min per dose, stacks up to 30 min max<br/>Warning: Moderate toxicity (0.5 per dose). Do not stack doses.<br/>EXP 11/2018","PENTACIN<br/>Glass ampoule, 5 doses. Draw with a sterile syringe and inject.<br/>What: Radioprotector, strength 2 of 3.<br/>Use: moderate radiation dose.<br/>Lasts: ~7 min per dose, stacks up to 30 min max<br/>Warning: Moderate toxicity (0.5 per dose). Do not stack doses.<br/>EXP 11/2018","PENTACIN<br/>Glass ampoule, 5 doses. Draw with a sterile syringe and inject.<br/>What: Radioprotector, strength 2 of 3.<br/>Use: moderate radiation dose.<br/>Lasts: ~7 min per dose, stacks up to 30 min max<br/>Warning: Moderate toxicity (0.5 per dose). Do not stack doses.<br/>EXP 11/2018","PENTACIN<br/>Glass ampoule, 5 doses. Draw with a sterile syringe and inject.<br/>What: Radioprotector, strength 2 of 3.<br/>Use: moderate radiation dose.<br/>Lasts: ~7 min per dose, stacks up to 30 min max<br/>Warning: Moderate toxicity (0.5 per dose). Do not stack doses.<br/>EXP 11/2018","PENTACIN<br/>Glass ampoule, 5 doses. Draw with a sterile syringe and inject.<br/>What: Radioprotector, strength 2 of 3.<br/>Use: moderate radiation dose.<br/>Lasts: ~7 min per dose, stacks up to 30 min max<br/>Warning: Moderate toxicity (0.5 per dose). Do not stack doses.<br/>EXP 11/2018",
"STR_MEDLBL_TERJEAMPOULECARBOXYME","CARBOXYME<br/>Glass ampoule, 5 doses. Draw with a sterile syringe and inject.<br/>What: Radioprotector, strength 2 of 3.<br/>Use: moderate radiation dose. Longer acting than Pentacin.<br/>Lasts: 10 min per dose, stacks up to 30 min max<br/>Warning: Moderate toxicity (0.6 per dose). Do not stack doses.<br/>EXP 09/2020","CARBOXYME<br/>Glass ampoule, 5 doses. Draw with a sterile syringe and inject.<br/>What: Radioprotector, strength 2 of 3.<br/>Use: moderate radiation dose. Longer acting than Pentacin.<br/>Lasts: 10 min per dose, stacks up to 30 min max<br/>Warning: Moderate toxicity (0.6 per dose). Do not stack doses.<br/>EXP 09/2020","CARBOXYME<br/>Glass ampoule, 5 doses. Draw with a sterile syringe and inject.<br/>What: Radioprotector, strength 2 of 3.<br/>Use: moderate radiation dose. Longer acting than Pentacin.<br/>Lasts: 10 min per dose, stacks up to 30 min max<br/>Warning: Moderate toxicity (0.6 per dose). Do not stack doses.<br/>EXP 09/2020","CARBOXYME<br/>Glass ampoule, 5 doses. Draw with a sterile syringe and inject.<br/>What: Radioprotector, strength 2 of 3.<br/>Use: moderate radiation dose. Longer acting than Pentacin.<br/>Lasts: 10 min per dose, stacks up to 30 min max<br/>Warning: Moderate toxicity (0.6 per dose). Do not stack doses.<br/>EXP 09/2020","CARBOXYME<br/>Glass ampoule, 5 doses. Draw with a sterile syringe and inject.<br/>What: Radioprotector, strength 2 of 3.<br/>Use: moderate radiation dose. Longer acting than Pentacin.<br/>Lasts: 10 min per dose, stacks up to 30 min max<br/>Warning: Moderate toxicity (0.6 per dose). Do not stack doses.<br/>EXP 09/2020","CARBOXYME<br/>Glass ampoule, 5 doses. Draw with a sterile syringe and inject.<br/>What: Radioprotector, strength 2 of 3.<br/>Use: moderate radiation dose. Longer acting than Pentacin.<br/>Lasts: 10 min per dose, stacks up to 30 min max<br/>Warning: Moderate toxicity (0.6 per dose). Do not stack doses.<br/>EXP 09/2020","CARBOXYME<br/>Glass ampoule, 5 doses. Draw with a sterile syringe and inject.<br/>What: Radioprotector, strength 2 of 3.<br/>Use: moderate radiation dose. Longer acting than Pentacin.<br/>Lasts: 10 min per dose, stacks up to 30 min max<br/>Warning: Moderate toxicity (0.6 per dose). Do not stack doses.<br/>EXP 09/2020","CARBOXYME<br/>Glass ampoule, 5 doses. Draw with a sterile syringe and inject.<br/>What: Radioprotector, strength 2 of 3.<br/>Use: moderate radiation dose. Longer acting than Pentacin.<br/>Lasts: 10 min per dose, stacks up to 30 min max<br/>Warning: Moderate toxicity (0.6 per dose). Do not stack doses.<br/>EXP 09/2020","CARBOXYME<br/>Glass ampoule, 5 doses. Draw with a sterile syringe and inject.<br/>What: Radioprotector, strength 2 of 3.<br/>Use: moderate radiation dose. Longer acting than Pentacin.<br/>Lasts: 10 min per dose, stacks up to 30 min max<br/>Warning: Moderate toxicity (0.6 per dose). Do not stack doses.<br/>EXP 09/2020","CARBOXYME<br/>Glass ampoule, 5 doses. Draw with a sterile syringe and inject.<br/>What: Radioprotector, strength 2 of 3.<br/>Use: moderate radiation dose. Longer acting than Pentacin.<br/>Lasts: 10 min per dose, stacks up to 30 min max<br/>Warning: Moderate toxicity (0.6 per dose). Do not stack doses.<br/>EXP 09/2020","CARBOXYME<br/>Glass ampoule, 5 doses. Draw with a sterile syringe and inject.<br/>What: Radioprotector, strength 2 of 3.<br/>Use: moderate radiation dose. Longer acting than Pentacin.<br/>Lasts: 10 min per dose, stacks up to 30 min max<br/>Warning: Moderate toxicity (0.6 per dose). Do not stack doses.<br/>EXP 09/2020","CARBOXYME<br/>Glass ampoule, 5 doses. Draw with a sterile syringe and inject.<br/>What: Radioprotector, strength 2 of 3.<br/>Use: moderate radiation dose. Longer acting than Pentacin.<br/>Lasts: 10 min per dose, stacks up to 30 min max<br/>Warning: Moderate toxicity (0.6 per dose). Do not stack doses.<br/>EXP 09/2020","CARBOXYME<br/>Glass ampoule, 5 doses. Draw with a sterile syringe and inject.<br/>What: Radioprotector, strength 2 of 3.<br/>Use: moderate radiation dose. Longer acting than Pentacin.<br/>Lasts: 10 min per dose, stacks up to 30 min max<br/>Warning: Moderate toxicity (0.6 per dose). Do not stack doses.<br/>EXP 09/2020","CARBOXYME<br/>Glass ampoule, 5 doses. Draw with a sterile syringe and inject.<br/>What: Radioprotector, strength 2 of 3.<br/>Use: moderate radiation dose. Longer acting than Pentacin.<br/>Lasts: 10 min per dose, stacks up to 30 min max<br/>Warning: Moderate toxicity (0.6 per dose). Do not stack doses.<br/>EXP 09/2020",
"STR_MEDLBL_TERJEAMPOULEMETRALINDOLE","METRALINDOLE<br/>Glass ampoule, 5 doses. Draw with a sterile syringe and inject.<br/>What: Antidepressant, strength 2 of 3.<br/>Use: moderate stress, panic and hallucinations.<br/>Lasts: 5 min per dose, stacks up to 30 min max<br/>Warning: Low toxicity (0.1 per dose).<br/>EXP 01/2021","METRALINDOLE<br/>Glass ampoule, 5 doses. Draw with a sterile syringe and inject.<br/>What: Antidepressant, strength 2 of 3.<br/>Use: moderate stress, panic and hallucinations.<br/>Lasts: 5 min per dose, stacks up to 30 min max<br/>Warning: Low toxicity (0.1 per dose).<br/>EXP 01/2021","METRALINDOLE<br/>Glass ampoule, 5 doses. Draw with a sterile syringe and inject.<br/>What: Antidepressant, strength 2 of 3.<br/>Use: moderate stress, panic and hallucinations.<br/>Lasts: 5 min per dose, stacks up to 30 min max<br/>Warning: Low toxicity (0.1 per dose).<br/>EXP 01/2021","METRALINDOLE<br/>Glass ampoule, 5 doses. Draw with a sterile syringe and inject.<br/>What: Antidepressant, strength 2 of 3.<br/>Use: moderate stress, panic and hallucinations.<br/>Lasts: 5 min per dose, stacks up to 30 min max<br/>Warning: Low toxicity (0.1 per dose).<br/>EXP 01/2021","METRALINDOLE<br/>Glass ampoule, 5 doses. Draw with a sterile syringe and inject.<br/>What: Antidepressant, strength 2 of 3.<br/>Use: moderate stress, panic and hallucinations.<br/>Lasts: 5 min per dose, stacks up to 30 min max<br/>Warning: Low toxicity (0.1 per dose).<br/>EXP 01/2021","METRALINDOLE<br/>Glass ampoule, 5 doses. Draw with a sterile syringe and inject.<br/>What: Antidepressant, strength 2 of 3.<br/>Use: moderate stress, panic and hallucinations.<br/>Lasts: 5 min per dose, stacks up to 30 min max<br/>Warning: Low toxicity (0.1 per dose).<br/>EXP 01/2021","METRALINDOLE<br/>Glass ampoule, 5 doses. Draw with a sterile syringe and inject.<br/>What: Antidepressant, strength 2 of 3.<br/>Use: moderate stress, panic and hallucinations.<br/>Lasts: 5 min per dose, stacks up to 30 min max<br/>Warning: Low toxicity (0.1 per dose).<br/>EXP 01/2021","METRALINDOLE<br/>Glass ampoule, 5 doses. Draw with a sterile syringe and inject.<br/>What: Antidepressant, strength 2 of 3.<br/>Use: moderate stress, panic and hallucinations.<br/>Lasts: 5 min per dose, stacks up to 30 min max<br/>Warning: Low toxicity (0.1 per dose).<br/>EXP 01/2021","METRALINDOLE<br/>Glass ampoule, 5 doses. Draw with a sterile syringe and inject.<br/>What: Antidepressant, strength 2 of 3.<br/>Use: moderate stress, panic and hallucinations.<br/>Lasts: 5 min per dose, stacks up to 30 min max<br/>Warning: Low toxicity (0.1 per dose).<br/>EXP 01/2021","METRALINDOLE<br/>Glass ampoule, 5 doses. Draw with a sterile syringe and inject.<br/>What: Antidepressant, strength 2 of 3.<br/>Use: moderate stress, panic and hallucinations.<br/>Lasts: 5 min per dose, stacks up to 30 min max<br/>Warning: Low toxicity (0.1 per dose).<br/>EXP 01/2021","METRALINDOLE<br/>Glass ampoule, 5 doses. Draw with a sterile syringe and inject.<br/>What: Antidepressant, strength 2 of 3.<br/>Use: moderate stress, panic and hallucinations.<br/>Lasts: 5 min per dose, stacks up to 30 min max<br/>Warning: Low toxicity (0.1 per dose).<br/>EXP 01/2021","METRALINDOLE<br/>Glass ampoule, 5 doses. Draw with a sterile syringe and inject.<br/>What: Antidepressant, strength 2 of 3.<br/>Use: moderate stress, panic and hallucinations.<br/>Lasts: 5 min per dose, stacks up to 30 min max<br/>Warning: Low toxicity (0.1 per dose).<br/>EXP 01/2021","METRALINDOLE<br/>Glass ampoule, 5 doses. Draw with a sterile syringe and inject.<br/>What: Antidepressant, strength 2 of 3.<br/>Use: moderate stress, panic and hallucinations.<br/>Lasts: 5 min per dose, stacks up to 30 min max<br/>Warning: Low toxicity (0.1 per dose).<br/>EXP 01/2021","METRALINDOLE<br/>Glass ampoule, 5 doses. Draw with a sterile syringe and inject.<br/>What: Antidepressant, strength 2 of 3.<br/>Use: moderate stress, panic and hallucinations.<br/>Lasts: 5 min per dose, stacks up to 30 min max<br/>Warning: Low toxicity (0.1 per dose).<br/>EXP 01/2021",
"STR_MEDLBL_TERJEAMPOULEACTAPAROXETINE","ACTAPAROXETINE<br/>Glass ampoule, 5 doses. Draw with a sterile syringe and inject.<br/>What: Antidepressant, strength 2 of 3.<br/>Use: moderate stress, panic and hallucinations.<br/>Lasts: ~7 min per dose, stacks up to 30 min max<br/>Warning: Moderate toxicity (0.4 per dose). Do not stack doses.<br/>EXP 05/2020","ACTAPAROXETINE<br/>Glass ampoule, 5 doses. Draw with a sterile syringe and inject.<br/>What: Antidepressant, strength 2 of 3.<br/>Use: moderate stress, panic and hallucinations.<br/>Lasts: ~7 min per dose, stacks up to 30 min max<br/>Warning: Moderate toxicity (0.4 per dose). Do not stack doses.<br/>EXP 05/2020","ACTAPAROXETINE<br/>Glass ampoule, 5 doses. Draw with a sterile syringe and inject.<br/>What: Antidepressant, strength 2 of 3.<br/>Use: moderate stress, panic and hallucinations.<br/>Lasts: ~7 min per dose, stacks up to 30 min max<br/>Warning: Moderate toxicity (0.4 per dose). Do not stack doses.<br/>EXP 05/2020","ACTAPAROXETINE<br/>Glass ampoule, 5 doses. Draw with a sterile syringe and inject.<br/>What: Antidepressant, strength 2 of 3.<br/>Use: moderate stress, panic and hallucinations.<br/>Lasts: ~7 min per dose, stacks up to 30 min max<br/>Warning: Moderate toxicity (0.4 per dose). Do not stack doses.<br/>EXP 05/2020","ACTAPAROXETINE<br/>Glass ampoule, 5 doses. Draw with a sterile syringe and inject.<br/>What: Antidepressant, strength 2 of 3.<br/>Use: moderate stress, panic and hallucinations.<br/>Lasts: ~7 min per dose, stacks up to 30 min max<br/>Warning: Moderate toxicity (0.4 per dose). Do not stack doses.<br/>EXP 05/2020","ACTAPAROXETINE<br/>Glass ampoule, 5 doses. Draw with a sterile syringe and inject.<br/>What: Antidepressant, strength 2 of 3.<br/>Use: moderate stress, panic and hallucinations.<br/>Lasts: ~7 min per dose, stacks up to 30 min max<br/>Warning: Moderate toxicity (0.4 per dose). Do not stack doses.<br/>EXP 05/2020","ACTAPAROXETINE<br/>Glass ampoule, 5 doses. Draw with a sterile syringe and inject.<br/>What: Antidepressant, strength 2 of 3.<br/>Use: moderate stress, panic and hallucinations.<br/>Lasts: ~7 min per dose, stacks up to 30 min max<br/>Warning: Moderate toxicity (0.4 per dose). Do not stack doses.<br/>EXP 05/2020","ACTAPAROXETINE<br/>Glass ampoule, 5 doses. Draw with a sterile syringe and inject.<br/>What: Antidepressant, strength 2 of 3.<br/>Use: moderate stress, panic and hallucinations.<br/>Lasts: ~7 min per dose, stacks up to 30 min max<br/>Warning: Moderate toxicity (0.4 per dose). Do not stack doses.<br/>EXP 05/2020","ACTAPAROXETINE<br/>Glass ampoule, 5 doses. Draw with a sterile syringe and inject.<br/>What: Antidepressant, strength 2 of 3.<br/>Use: moderate stress, panic and hallucinations.<br/>Lasts: ~7 min per dose, stacks up to 30 min max<br/>Warning: Moderate toxicity (0.4 per dose). Do not stack doses.<br/>EXP 05/2020","ACTAPAROXETINE<br/>Glass ampoule, 5 doses. Draw with a sterile syringe and inject.<br/>What: Antidepressant, strength 2 of 3.<br/>Use: moderate stress, panic and hallucinations.<br/>Lasts: ~7 min per dose, stacks up to 30 min max<br/>Warning: Moderate toxicity (0.4 per dose). Do not stack doses.<br/>EXP 05/2020","ACTAPAROXETINE<br/>Glass ampoule, 5 doses. Draw with a sterile syringe and inject.<br/>What: Antidepressant, strength 2 of 3.<br/>Use: moderate stress, panic and hallucinations.<br/>Lasts: ~7 min per dose, stacks up to 30 min max<br/>Warning: Moderate toxicity (0.4 per dose). Do not stack doses.<br/>EXP 05/2020","ACTAPAROXETINE<br/>Glass ampoule, 5 doses. Draw with a sterile syringe and inject.<br/>What: Antidepressant, strength 2 of 3.<br/>Use: moderate stress, panic and hallucinations.<br/>Lasts: ~7 min per dose, stacks up to 30 min max<br/>Warning: Moderate toxicity (0.4 per dose). Do not stack doses.<br/>EXP 05/2020","ACTAPAROXETINE<br/>Glass ampoule, 5 doses. Draw with a sterile syringe and inject.<br/>What: Antidepressant, strength 2 of 3.<br/>Use: moderate stress, panic and hallucinations.<br/>Lasts: ~7 min per dose, stacks up to 30 min max<br/>Warning: Moderate toxicity (0.4 per dose). Do not stack doses.<br/>EXP 05/2020","ACTAPAROXETINE<br/>Glass ampoule, 5 doses. Draw with a sterile syringe and inject.<br/>What: Antidepressant, strength 2 of 3.<br/>Use: moderate stress, panic and hallucinations.<br/>Lasts: ~7 min per dose, stacks up to 30 min max<br/>Warning: Moderate toxicity (0.4 per dose). Do not stack doses.<br/>EXP 05/2020",
"STR_MEDLBL_TERJEAMPOULEAMITRIPTYLINE","AMITRIPTYLINE<br/>Glass ampoule, 5 doses. Draw with a sterile syringe and inject.<br/>What: Antidepressant, strength 3 of 3.<br/>Use: severe mental breakdown.<br/>Lasts: 10 min per dose, stacks up to 30 min max<br/>Warning: Moderate toxicity (0.5 per dose). Do not stack doses.<br/>EXP 08/2019","AMITRIPTYLINE<br/>Glass ampoule, 5 doses. Draw with a sterile syringe and inject.<br/>What: Antidepressant, strength 3 of 3.<br/>Use: severe mental breakdown.<br/>Lasts: 10 min per dose, stacks up to 30 min max<br/>Warning: Moderate toxicity (0.5 per dose). Do not stack doses.<br/>EXP 08/2019","AMITRIPTYLINE<br/>Glass ampoule, 5 doses. Draw with a sterile syringe and inject.<br/>What: Antidepressant, strength 3 of 3.<br/>Use: severe mental breakdown.<br/>Lasts: 10 min per dose, stacks up to 30 min max<br/>Warning: Moderate toxicity (0.5 per dose). Do not stack doses.<br/>EXP 08/2019","AMITRIPTYLINE<br/>Glass ampoule, 5 doses. Draw with a sterile syringe and inject.<br/>What: Antidepressant, strength 3 of 3.<br/>Use: severe mental breakdown.<br/>Lasts: 10 min per dose, stacks up to 30 min max<br/>Warning: Moderate toxicity (0.5 per dose). Do not stack doses.<br/>EXP 08/2019","AMITRIPTYLINE<br/>Glass ampoule, 5 doses. Draw with a sterile syringe and inject.<br/>What: Antidepressant, strength 3 of 3.<br/>Use: severe mental breakdown.<br/>Lasts: 10 min per dose, stacks up to 30 min max<br/>Warning: Moderate toxicity (0.5 per dose). Do not stack doses.<br/>EXP 08/2019","AMITRIPTYLINE<br/>Glass ampoule, 5 doses. Draw with a sterile syringe and inject.<br/>What: Antidepressant, strength 3 of 3.<br/>Use: severe mental breakdown.<br/>Lasts: 10 min per dose, stacks up to 30 min max<br/>Warning: Moderate toxicity (0.5 per dose). Do not stack doses.<br/>EXP 08/2019","AMITRIPTYLINE<br/>Glass ampoule, 5 doses. Draw with a sterile syringe and inject.<br/>What: Antidepressant, strength 3 of 3.<br/>Use: severe mental breakdown.<br/>Lasts: 10 min per dose, stacks up to 30 min max<br/>Warning: Moderate toxicity (0.5 per dose). Do not stack doses.<br/>EXP 08/2019","AMITRIPTYLINE<br/>Glass ampoule, 5 doses. Draw with a sterile syringe and inject.<br/>What: Antidepressant, strength 3 of 3.<br/>Use: severe mental breakdown.<br/>Lasts: 10 min per dose, stacks up to 30 min max<br/>Warning: Moderate toxicity (0.5 per dose). Do not stack doses.<br/>EXP 08/2019","AMITRIPTYLINE<br/>Glass ampoule, 5 doses. Draw with a sterile syringe and inject.<br/>What: Antidepressant, strength 3 of 3.<br/>Use: severe mental breakdown.<br/>Lasts: 10 min per dose, stacks up to 30 min max<br/>Warning: Moderate toxicity (0.5 per dose). Do not stack doses.<br/>EXP 08/2019","AMITRIPTYLINE<br/>Glass ampoule, 5 doses. Draw with a sterile syringe and inject.<br/>What: Antidepressant, strength 3 of 3.<br/>Use: severe mental breakdown.<br/>Lasts: 10 min per dose, stacks up to 30 min max<br/>Warning: Moderate toxicity (0.5 per dose). Do not stack doses.<br/>EXP 08/2019","AMITRIPTYLINE<br/>Glass ampoule, 5 doses. Draw with a sterile syringe and inject.<br/>What: Antidepressant, strength 3 of 3.<br/>Use: severe mental breakdown.<br/>Lasts: 10 min per dose, stacks up to 30 min max<br/>Warning: Moderate toxicity (0.5 per dose). Do not stack doses.<br/>EXP 08/2019","AMITRIPTYLINE<br/>Glass ampoule, 5 doses. Draw with a sterile syringe and inject.<br/>What: Antidepressant, strength 3 of 3.<br/>Use: severe mental breakdown.<br/>Lasts: 10 min per dose, stacks up to 30 min max<br/>Warning: Moderate toxicity (0.5 per dose). Do not stack doses.<br/>EXP 08/2019","AMITRIPTYLINE<br/>Glass ampoule, 5 doses. Draw with a sterile syringe and inject.<br/>What: Antidepressant, strength 3 of 3.<br/>Use: severe mental breakdown.<br/>Lasts: 10 min per dose, stacks up to 30 min max<br/>Warning: Moderate toxicity (0.5 per dose). Do not stack doses.<br/>EXP 08/2019","AMITRIPTYLINE<br/>Glass ampoule, 5 doses. Draw with a sterile syringe and inject.<br/>What: Antidepressant, strength 3 of 3.<br/>Use: severe mental breakdown.<br/>Lasts: 10 min per dose, stacks up to 30 min max<br/>Warning: Moderate toxicity (0.5 per dose). Do not stack doses.<br/>EXP 08/2019",
"STR_MEDLBL_TERJEAMPOULEVAXICAM","VAXICAM<br/>Glass ampoule, 5 doses. Draw with a sterile syringe and inject.<br/>What: Influenza vaccine.<br/>Use: preventing cold and pneumonia. Inject before exposure.<br/>Lasts: 4 h per dose<br/>Warning: High toxicity (0.8 per dose). Repeat doses risk overdose. Does not cure an existing cold.<br/>EXP 02/2022","VAXICAM<br/>Glass ampoule, 5 doses. Draw with a sterile syringe and inject.<br/>What: Influenza vaccine.<br/>Use: preventing cold and pneumonia. Inject before exposure.<br/>Lasts: 4 h per dose<br/>Warning: High toxicity (0.8 per dose). Repeat doses risk overdose. Does not cure an existing cold.<br/>EXP 02/2022","VAXICAM<br/>Glass ampoule, 5 doses. Draw with a sterile syringe and inject.<br/>What: Influenza vaccine.<br/>Use: preventing cold and pneumonia. Inject before exposure.<br/>Lasts: 4 h per dose<br/>Warning: High toxicity (0.8 per dose). Repeat doses risk overdose. Does not cure an existing cold.<br/>EXP 02/2022","VAXICAM<br/>Glass ampoule, 5 doses. Draw with a sterile syringe and inject.<br/>What: Influenza vaccine.<br/>Use: preventing cold and pneumonia. Inject before exposure.<br/>Lasts: 4 h per dose<br/>Warning: High toxicity (0.8 per dose). Repeat doses risk overdose. Does not cure an existing cold.<br/>EXP 02/2022","VAXICAM<br/>Glass ampoule, 5 doses. Draw with a sterile syringe and inject.<br/>What: Influenza vaccine.<br/>Use: preventing cold and pneumonia. Inject before exposure.<br/>Lasts: 4 h per dose<br/>Warning: High toxicity (0.8 per dose). Repeat doses risk overdose. Does not cure an existing cold.<br/>EXP 02/2022","VAXICAM<br/>Glass ampoule, 5 doses. Draw with a sterile syringe and inject.<br/>What: Influenza vaccine.<br/>Use: preventing cold and pneumonia. Inject before exposure.<br/>Lasts: 4 h per dose<br/>Warning: High toxicity (0.8 per dose). Repeat doses risk overdose. Does not cure an existing cold.<br/>EXP 02/2022","VAXICAM<br/>Glass ampoule, 5 doses. Draw with a sterile syringe and inject.<br/>What: Influenza vaccine.<br/>Use: preventing cold and pneumonia. Inject before exposure.<br/>Lasts: 4 h per dose<br/>Warning: High toxicity (0.8 per dose). Repeat doses risk overdose. Does not cure an existing cold.<br/>EXP 02/2022","VAXICAM<br/>Glass ampoule, 5 doses. Draw with a sterile syringe and inject.<br/>What: Influenza vaccine.<br/>Use: preventing cold and pneumonia. Inject before exposure.<br/>Lasts: 4 h per dose<br/>Warning: High toxicity (0.8 per dose). Repeat doses risk overdose. Does not cure an existing cold.<br/>EXP 02/2022","VAXICAM<br/>Glass ampoule, 5 doses. Draw with a sterile syringe and inject.<br/>What: Influenza vaccine.<br/>Use: preventing cold and pneumonia. Inject before exposure.<br/>Lasts: 4 h per dose<br/>Warning: High toxicity (0.8 per dose). Repeat doses risk overdose. Does not cure an existing cold.<br/>EXP 02/2022","VAXICAM<br/>Glass ampoule, 5 doses. Draw with a sterile syringe and inject.<br/>What: Influenza vaccine.<br/>Use: preventing cold and pneumonia. Inject before exposure.<br/>Lasts: 4 h per dose<br/>Warning: High toxicity (0.8 per dose). Repeat doses risk overdose. Does not cure an existing cold.<br/>EXP 02/2022","VAXICAM<br/>Glass ampoule, 5 doses. Draw with a sterile syringe and inject.<br/>What: Influenza vaccine.<br/>Use: preventing cold and pneumonia. Inject before exposure.<br/>Lasts: 4 h per dose<br/>Warning: High toxicity (0.8 per dose). Repeat doses risk overdose. Does not cure an existing cold.<br/>EXP 02/2022","VAXICAM<br/>Glass ampoule, 5 doses. Draw with a sterile syringe and inject.<br/>What: Influenza vaccine.<br/>Use: preventing cold and pneumonia. Inject before exposure.<br/>Lasts: 4 h per dose<br/>Warning: High toxicity (0.8 per dose). Repeat doses risk overdose. Does not cure an existing cold.<br/>EXP 02/2022","VAXICAM<br/>Glass ampoule, 5 doses. Draw with a sterile syringe and inject.<br/>What: Influenza vaccine.<br/>Use: preventing cold and pneumonia. Inject before exposure.<br/>Lasts: 4 h per dose<br/>Warning: High toxicity (0.8 per dose). Repeat doses risk overdose. Does not cure an existing cold.<br/>EXP 02/2022","VAXICAM<br/>Glass ampoule, 5 doses. Draw with a sterile syringe and inject.<br/>What: Influenza vaccine.<br/>Use: preventing cold and pneumonia. Inject before exposure.<br/>Lasts: 4 h per dose<br/>Warning: High toxicity (0.8 per dose). Repeat doses risk overdose. Does not cure an existing cold.<br/>EXP 02/2022",
"STR_MEDLBL_TERJEAMPOULEZERIVAX","ZERIVAX<br/>Glass ampoule, 5 doses. Draw with a sterile syringe and inject.<br/>What: Zombie virus vaccine.<br/>Use: preventing infection from zombie hits and bites. Inject before exposure.<br/>Lasts: 2 h per dose<br/>Warning: Very high toxicity (1.5 per dose). One dose can trigger overdose symptoms. Does not cure an existing infection.<br/>EXP 06/2021","ZERIVAX<br/>Glass ampoule, 5 doses. Draw with a sterile syringe and inject.<br/>What: Zombie virus vaccine.<br/>Use: preventing infection from zombie hits and bites. Inject before exposure.<br/>Lasts: 2 h per dose<br/>Warning: Very high toxicity (1.5 per dose). One dose can trigger overdose symptoms. Does not cure an existing infection.<br/>EXP 06/2021","ZERIVAX<br/>Glass ampoule, 5 doses. Draw with a sterile syringe and inject.<br/>What: Zombie virus vaccine.<br/>Use: preventing infection from zombie hits and bites. Inject before exposure.<br/>Lasts: 2 h per dose<br/>Warning: Very high toxicity (1.5 per dose). One dose can trigger overdose symptoms. Does not cure an existing infection.<br/>EXP 06/2021","ZERIVAX<br/>Glass ampoule, 5 doses. Draw with a sterile syringe and inject.<br/>What: Zombie virus vaccine.<br/>Use: preventing infection from zombie hits and bites. Inject before exposure.<br/>Lasts: 2 h per dose<br/>Warning: Very high toxicity (1.5 per dose). One dose can trigger overdose symptoms. Does not cure an existing infection.<br/>EXP 06/2021","ZERIVAX<br/>Glass ampoule, 5 doses. Draw with a sterile syringe and inject.<br/>What: Zombie virus vaccine.<br/>Use: preventing infection from zombie hits and bites. Inject before exposure.<br/>Lasts: 2 h per dose<br/>Warning: Very high toxicity (1.5 per dose). One dose can trigger overdose symptoms. Does not cure an existing infection.<br/>EXP 06/2021","ZERIVAX<br/>Glass ampoule, 5 doses. Draw with a sterile syringe and inject.<br/>What: Zombie virus vaccine.<br/>Use: preventing infection from zombie hits and bites. Inject before exposure.<br/>Lasts: 2 h per dose<br/>Warning: Very high toxicity (1.5 per dose). One dose can trigger overdose symptoms. Does not cure an existing infection.<br/>EXP 06/2021","ZERIVAX<br/>Glass ampoule, 5 doses. Draw with a sterile syringe and inject.<br/>What: Zombie virus vaccine.<br/>Use: preventing infection from zombie hits and bites. Inject before exposure.<br/>Lasts: 2 h per dose<br/>Warning: Very high toxicity (1.5 per dose). One dose can trigger overdose symptoms. Does not cure an existing infection.<br/>EXP 06/2021","ZERIVAX<br/>Glass ampoule, 5 doses. Draw with a sterile syringe and inject.<br/>What: Zombie virus vaccine.<br/>Use: preventing infection from zombie hits and bites. Inject before exposure.<br/>Lasts: 2 h per dose<br/>Warning: Very high toxicity (1.5 per dose). One dose can trigger overdose symptoms. Does not cure an existing infection.<br/>EXP 06/2021","ZERIVAX<br/>Glass ampoule, 5 doses. Draw with a sterile syringe and inject.<br/>What: Zombie virus vaccine.<br/>Use: preventing infection from zombie hits and bites. Inject before exposure.<br/>Lasts: 2 h per dose<br/>Warning: Very high toxicity (1.5 per dose). One dose can trigger overdose symptoms. Does not cure an existing infection.<br/>EXP 06/2021","ZERIVAX<br/>Glass ampoule, 5 doses. Draw with a sterile syringe and inject.<br/>What: Zombie virus vaccine.<br/>Use: preventing infection from zombie hits and bites. Inject before exposure.<br/>Lasts: 2 h per dose<br/>Warning: Very high toxicity (1.5 per dose). One dose can trigger overdose symptoms. Does not cure an existing infection.<br/>EXP 06/2021","ZERIVAX<br/>Glass ampoule, 5 doses. Draw with a sterile syringe and inject.<br/>What: Zombie virus vaccine.<br/>Use: preventing infection from zombie hits and bites. Inject before exposure.<br/>Lasts: 2 h per dose<br/>Warning: Very high toxicity (1.5 per dose). One dose can trigger overdose symptoms. Does not cure an existing infection.<br/>EXP 06/2021","ZERIVAX<br/>Glass ampoule, 5 doses. Draw with a sterile syringe and inject.<br/>What: Zombie virus vaccine.<br/>Use: preventing infection from zombie hits and bites. Inject before exposure.<br/>Lasts: 2 h per dose<br/>Warning: Very high toxicity (1.5 per dose). One dose can trigger overdose symptoms. Does not cure an existing infection.<br/>EXP 06/2021","ZERIVAX<br/>Glass ampoule, 5 doses. Draw with a sterile syringe and inject.<br/>What: Zombie virus vaccine.<br/>Use: preventing infection from zombie hits and bites. Inject before exposure.<br/>Lasts: 2 h per dose<br/>Warning: Very high toxicity (1.5 per dose). One dose can trigger overdose symptoms. Does not cure an existing infection.<br/>EXP 06/2021","ZERIVAX<br/>Glass ampoule, 5 doses. Draw with a sterile syringe and inject.<br/>What: Zombie virus vaccine.<br/>Use: preventing infection from zombie hits and bites. Inject before exposure.<br/>Lasts: 2 h per dose<br/>Warning: Very high toxicity (1.5 per dose). One dose can trigger overdose symptoms. Does not cure an existing infection.<br/>EXP 06/2021",
"STR_MEDLBL_TERJEAMPOULERABIVAX","RABIVAX<br/>Glass ampoule, 5 doses. Draw with a sterile syringe and inject.<br/>What: Rabies vaccine.<br/>Use: preventing rabies from wolf bites. Inject before exposure.<br/>Lasts: 4 h per dose<br/>Warning: Very high toxicity (1.3 per dose). One dose can trigger overdose symptoms. Does not cure existing rabies.<br/>EXP 10/2020","RABIVAX<br/>Glass ampoule, 5 doses. Draw with a sterile syringe and inject.<br/>What: Rabies vaccine.<br/>Use: preventing rabies from wolf bites. Inject before exposure.<br/>Lasts: 4 h per dose<br/>Warning: Very high toxicity (1.3 per dose). One dose can trigger overdose symptoms. Does not cure existing rabies.<br/>EXP 10/2020","RABIVAX<br/>Glass ampoule, 5 doses. Draw with a sterile syringe and inject.<br/>What: Rabies vaccine.<br/>Use: preventing rabies from wolf bites. Inject before exposure.<br/>Lasts: 4 h per dose<br/>Warning: Very high toxicity (1.3 per dose). One dose can trigger overdose symptoms. Does not cure existing rabies.<br/>EXP 10/2020","RABIVAX<br/>Glass ampoule, 5 doses. Draw with a sterile syringe and inject.<br/>What: Rabies vaccine.<br/>Use: preventing rabies from wolf bites. Inject before exposure.<br/>Lasts: 4 h per dose<br/>Warning: Very high toxicity (1.3 per dose). One dose can trigger overdose symptoms. Does not cure existing rabies.<br/>EXP 10/2020","RABIVAX<br/>Glass ampoule, 5 doses. Draw with a sterile syringe and inject.<br/>What: Rabies vaccine.<br/>Use: preventing rabies from wolf bites. Inject before exposure.<br/>Lasts: 4 h per dose<br/>Warning: Very high toxicity (1.3 per dose). One dose can trigger overdose symptoms. Does not cure existing rabies.<br/>EXP 10/2020","RABIVAX<br/>Glass ampoule, 5 doses. Draw with a sterile syringe and inject.<br/>What: Rabies vaccine.<br/>Use: preventing rabies from wolf bites. Inject before exposure.<br/>Lasts: 4 h per dose<br/>Warning: Very high toxicity (1.3 per dose). One dose can trigger overdose symptoms. Does not cure existing rabies.<br/>EXP 10/2020","RABIVAX<br/>Glass ampoule, 5 doses. Draw with a sterile syringe and inject.<br/>What: Rabies vaccine.<br/>Use: preventing rabies from wolf bites. Inject before exposure.<br/>Lasts: 4 h per dose<br/>Warning: Very high toxicity (1.3 per dose). One dose can trigger overdose symptoms. Does not cure existing rabies.<br/>EXP 10/2020","RABIVAX<br/>Glass ampoule, 5 doses. Draw with a sterile syringe and inject.<br/>What: Rabies vaccine.<br/>Use: preventing rabies from wolf bites. Inject before exposure.<br/>Lasts: 4 h per dose<br/>Warning: Very high toxicity (1.3 per dose). One dose can trigger overdose symptoms. Does not cure existing rabies.<br/>EXP 10/2020","RABIVAX<br/>Glass ampoule, 5 doses. Draw with a sterile syringe and inject.<br/>What: Rabies vaccine.<br/>Use: preventing rabies from wolf bites. Inject before exposure.<br/>Lasts: 4 h per dose<br/>Warning: Very high toxicity (1.3 per dose). One dose can trigger overdose symptoms. Does not cure existing rabies.<br/>EXP 10/2020","RABIVAX<br/>Glass ampoule, 5 doses. Draw with a sterile syringe and inject.<br/>What: Rabies vaccine.<br/>Use: preventing rabies from wolf bites. Inject before exposure.<br/>Lasts: 4 h per dose<br/>Warning: Very high toxicity (1.3 per dose). One dose can trigger overdose symptoms. Does not cure existing rabies.<br/>EXP 10/2020","RABIVAX<br/>Glass ampoule, 5 doses. Draw with a sterile syringe and inject.<br/>What: Rabies vaccine.<br/>Use: preventing rabies from wolf bites. Inject before exposure.<br/>Lasts: 4 h per dose<br/>Warning: Very high toxicity (1.3 per dose). One dose can trigger overdose symptoms. Does not cure existing rabies.<br/>EXP 10/2020","RABIVAX<br/>Glass ampoule, 5 doses. Draw with a sterile syringe and inject.<br/>What: Rabies vaccine.<br/>Use: preventing rabies from wolf bites. Inject before exposure.<br/>Lasts: 4 h per dose<br/>Warning: Very high toxicity (1.3 per dose). One dose can trigger overdose symptoms. Does not cure existing rabies.<br/>EXP 10/2020","RABIVAX<br/>Glass ampoule, 5 doses. Draw with a sterile syringe and inject.<br/>What: Rabies vaccine.<br/>Use: preventing rabies from wolf bites. Inject before exposure.<br/>Lasts: 4 h per dose<br/>Warning: Very high toxicity (1.3 per dose). One dose can trigger overdose symptoms. Does not cure existing rabies.<br/>EXP 10/2020","RABIVAX<br/>Glass ampoule, 5 doses. Draw with a sterile syringe and inject.<br/>What: Rabies vaccine.<br/>Use: preventing rabies from wolf bites. Inject before exposure.<br/>Lasts: 4 h per dose<br/>Warning: Very high toxicity (1.3 per dose). One dose can trigger overdose symptoms. Does not cure existing rabies.<br/>EXP 10/2020",
"STR_MEDLBL_TERJEAMPOULERABINOLINE","RABINOLINE<br/>Glass ampoule, 5 doses. Draw with a sterile syringe and inject.<br/>What: Rabies antibiotic, strength 2 of 3.<br/>Use: early and mid stage rabies after a bite.<br/>Lasts: 10 min per dose, stacks up to 30 min max<br/>Warning: High toxicity (0.8 per dose). Repeat doses risk overdose.<br/>EXP 03/2021","RABINOLINE<br/>Glass ampoule, 5 doses. Draw with a sterile syringe and inject.<br/>What: Rabies antibiotic, strength 2 of 3.<br/>Use: early and mid stage rabies after a bite.<br/>Lasts: 10 min per dose, stacks up to 30 min max<br/>Warning: High toxicity (0.8 per dose). Repeat doses risk overdose.<br/>EXP 03/2021","RABINOLINE<br/>Glass ampoule, 5 doses. Draw with a sterile syringe and inject.<br/>What: Rabies antibiotic, strength 2 of 3.<br/>Use: early and mid stage rabies after a bite.<br/>Lasts: 10 min per dose, stacks up to 30 min max<br/>Warning: High toxicity (0.8 per dose). Repeat doses risk overdose.<br/>EXP 03/2021","RABINOLINE<br/>Glass ampoule, 5 doses. Draw with a sterile syringe and inject.<br/>What: Rabies antibiotic, strength 2 of 3.<br/>Use: early and mid stage rabies after a bite.<br/>Lasts: 10 min per dose, stacks up to 30 min max<br/>Warning: High toxicity (0.8 per dose). Repeat doses risk overdose.<br/>EXP 03/2021","RABINOLINE<br/>Glass ampoule, 5 doses. Draw with a sterile syringe and inject.<br/>What: Rabies antibiotic, strength 2 of 3.<br/>Use: early and mid stage rabies after a bite.<br/>Lasts: 10 min per dose, stacks up to 30 min max<br/>Warning: High toxicity (0.8 per dose). Repeat doses risk overdose.<br/>EXP 03/2021","RABINOLINE<br/>Glass ampoule, 5 doses. Draw with a sterile syringe and inject.<br/>What: Rabies antibiotic, strength 2 of 3.<br/>Use: early and mid stage rabies after a bite.<br/>Lasts: 10 min per dose, stacks up to 30 min max<br/>Warning: High toxicity (0.8 per dose). Repeat doses risk overdose.<br/>EXP 03/2021","RABINOLINE<br/>Glass ampoule, 5 doses. Draw with a sterile syringe and inject.<br/>What: Rabies antibiotic, strength 2 of 3.<br/>Use: early and mid stage rabies after a bite.<br/>Lasts: 10 min per dose, stacks up to 30 min max<br/>Warning: High toxicity (0.8 per dose). Repeat doses risk overdose.<br/>EXP 03/2021","RABINOLINE<br/>Glass ampoule, 5 doses. Draw with a sterile syringe and inject.<br/>What: Rabies antibiotic, strength 2 of 3.<br/>Use: early and mid stage rabies after a bite.<br/>Lasts: 10 min per dose, stacks up to 30 min max<br/>Warning: High toxicity (0.8 per dose). Repeat doses risk overdose.<br/>EXP 03/2021","RABINOLINE<br/>Glass ampoule, 5 doses. Draw with a sterile syringe and inject.<br/>What: Rabies antibiotic, strength 2 of 3.<br/>Use: early and mid stage rabies after a bite.<br/>Lasts: 10 min per dose, stacks up to 30 min max<br/>Warning: High toxicity (0.8 per dose). Repeat doses risk overdose.<br/>EXP 03/2021","RABINOLINE<br/>Glass ampoule, 5 doses. Draw with a sterile syringe and inject.<br/>What: Rabies antibiotic, strength 2 of 3.<br/>Use: early and mid stage rabies after a bite.<br/>Lasts: 10 min per dose, stacks up to 30 min max<br/>Warning: High toxicity (0.8 per dose). Repeat doses risk overdose.<br/>EXP 03/2021","RABINOLINE<br/>Glass ampoule, 5 doses. Draw with a sterile syringe and inject.<br/>What: Rabies antibiotic, strength 2 of 3.<br/>Use: early and mid stage rabies after a bite.<br/>Lasts: 10 min per dose, stacks up to 30 min max<br/>Warning: High toxicity (0.8 per dose). Repeat doses risk overdose.<br/>EXP 03/2021","RABINOLINE<br/>Glass ampoule, 5 doses. Draw with a sterile syringe and inject.<br/>What: Rabies antibiotic, strength 2 of 3.<br/>Use: early and mid stage rabies after a bite.<br/>Lasts: 10 min per dose, stacks up to 30 min max<br/>Warning: High toxicity (0.8 per dose). Repeat doses risk overdose.<br/>EXP 03/2021","RABINOLINE<br/>Glass ampoule, 5 doses. Draw with a sterile syringe and inject.<br/>What: Rabies antibiotic, strength 2 of 3.<br/>Use: early and mid stage rabies after a bite.<br/>Lasts: 10 min per dose, stacks up to 30 min max<br/>Warning: High toxicity (0.8 per dose). Repeat doses risk overdose.<br/>EXP 03/2021","RABINOLINE<br/>Glass ampoule, 5 doses. Draw with a sterile syringe and inject.<br/>What: Rabies antibiotic, strength 2 of 3.<br/>Use: early and mid stage rabies after a bite.<br/>Lasts: 10 min per dose, stacks up to 30 min max<br/>Warning: High toxicity (0.8 per dose). Repeat doses risk overdose.<br/>EXP 03/2021",
"STR_MEDLBL_TERJEAMPOULERIFAMPICYNE","RIFAMPICIN<br/>Glass ampoule, 5 doses. Draw with a sterile syringe and inject.<br/>What: Rabies antibiotic, strength 3 of 3.<br/>Use: advanced rabies.<br/>Lasts: 5 min per dose, stacks up to 30 min max<br/>Warning: Very high toxicity (1.35 per dose). One dose can trigger overdose symptoms.<br/>EXP 12/2020","RIFAMPICIN<br/>Glass ampoule, 5 doses. Draw with a sterile syringe and inject.<br/>What: Rabies antibiotic, strength 3 of 3.<br/>Use: advanced rabies.<br/>Lasts: 5 min per dose, stacks up to 30 min max<br/>Warning: Very high toxicity (1.35 per dose). One dose can trigger overdose symptoms.<br/>EXP 12/2020","RIFAMPICIN<br/>Glass ampoule, 5 doses. Draw with a sterile syringe and inject.<br/>What: Rabies antibiotic, strength 3 of 3.<br/>Use: advanced rabies.<br/>Lasts: 5 min per dose, stacks up to 30 min max<br/>Warning: Very high toxicity (1.35 per dose). One dose can trigger overdose symptoms.<br/>EXP 12/2020","RIFAMPICIN<br/>Glass ampoule, 5 doses. Draw with a sterile syringe and inject.<br/>What: Rabies antibiotic, strength 3 of 3.<br/>Use: advanced rabies.<br/>Lasts: 5 min per dose, stacks up to 30 min max<br/>Warning: Very high toxicity (1.35 per dose). One dose can trigger overdose symptoms.<br/>EXP 12/2020","RIFAMPICIN<br/>Glass ampoule, 5 doses. Draw with a sterile syringe and inject.<br/>What: Rabies antibiotic, strength 3 of 3.<br/>Use: advanced rabies.<br/>Lasts: 5 min per dose, stacks up to 30 min max<br/>Warning: Very high toxicity (1.35 per dose). One dose can trigger overdose symptoms.<br/>EXP 12/2020","RIFAMPICIN<br/>Glass ampoule, 5 doses. Draw with a sterile syringe and inject.<br/>What: Rabies antibiotic, strength 3 of 3.<br/>Use: advanced rabies.<br/>Lasts: 5 min per dose, stacks up to 30 min max<br/>Warning: Very high toxicity (1.35 per dose). One dose can trigger overdose symptoms.<br/>EXP 12/2020","RIFAMPICIN<br/>Glass ampoule, 5 doses. Draw with a sterile syringe and inject.<br/>What: Rabies antibiotic, strength 3 of 3.<br/>Use: advanced rabies.<br/>Lasts: 5 min per dose, stacks up to 30 min max<br/>Warning: Very high toxicity (1.35 per dose). One dose can trigger overdose symptoms.<br/>EXP 12/2020","RIFAMPICIN<br/>Glass ampoule, 5 doses. Draw with a sterile syringe and inject.<br/>What: Rabies antibiotic, strength 3 of 3.<br/>Use: advanced rabies.<br/>Lasts: 5 min per dose, stacks up to 30 min max<br/>Warning: Very high toxicity (1.35 per dose). One dose can trigger overdose symptoms.<br/>EXP 12/2020","RIFAMPICIN<br/>Glass ampoule, 5 doses. Draw with a sterile syringe and inject.<br/>What: Rabies antibiotic, strength 3 of 3.<br/>Use: advanced rabies.<br/>Lasts: 5 min per dose, stacks up to 30 min max<br/>Warning: Very high toxicity (1.35 per dose). One dose can trigger overdose symptoms.<br/>EXP 12/2020","RIFAMPICIN<br/>Glass ampoule, 5 doses. Draw with a sterile syringe and inject.<br/>What: Rabies antibiotic, strength 3 of 3.<br/>Use: advanced rabies.<br/>Lasts: 5 min per dose, stacks up to 30 min max<br/>Warning: Very high toxicity (1.35 per dose). One dose can trigger overdose symptoms.<br/>EXP 12/2020","RIFAMPICIN<br/>Glass ampoule, 5 doses. Draw with a sterile syringe and inject.<br/>What: Rabies antibiotic, strength 3 of 3.<br/>Use: advanced rabies.<br/>Lasts: 5 min per dose, stacks up to 30 min max<br/>Warning: Very high toxicity (1.35 per dose). One dose can trigger overdose symptoms.<br/>EXP 12/2020","RIFAMPICIN<br/>Glass ampoule, 5 doses. Draw with a sterile syringe and inject.<br/>What: Rabies antibiotic, strength 3 of 3.<br/>Use: advanced rabies.<br/>Lasts: 5 min per dose, stacks up to 30 min max<br/>Warning: Very high toxicity (1.35 per dose). One dose can trigger overdose symptoms.<br/>EXP 12/2020","RIFAMPICIN<br/>Glass ampoule, 5 doses. Draw with a sterile syringe and inject.<br/>What: Rabies antibiotic, strength 3 of 3.<br/>Use: advanced rabies.<br/>Lasts: 5 min per dose, stacks up to 30 min max<br/>Warning: Very high toxicity (1.35 per dose). One dose can trigger overdose symptoms.<br/>EXP 12/2020","RIFAMPICIN<br/>Glass ampoule, 5 doses. Draw with a sterile syringe and inject.<br/>What: Rabies antibiotic, strength 3 of 3.<br/>Use: advanced rabies.<br/>Lasts: 5 min per dose, stacks up to 30 min max<br/>Warning: Very high toxicity (1.35 per dose). One dose can trigger overdose symptoms.<br/>EXP 12/2020",
"STR_MEDLBL_TERJEAMPOULENEIROCETAL","NEUROCETAL<br/>Glass ampoule, 5 doses. Draw with a sterile syringe and inject.<br/>What: Chemical antidote, strength 2 of 3.<br/>Use: moderate chemical poisoning from toxic gas.<br/>Lasts: ~8 min per dose, stacks up to 30 min max<br/>Warning: Very high toxicity (1.25 per dose). One dose can trigger overdose symptoms.<br/>EXP 04/2020","NEUROCETAL<br/>Glass ampoule, 5 doses. Draw with a sterile syringe and inject.<br/>What: Chemical antidote, strength 2 of 3.<br/>Use: moderate chemical poisoning from toxic gas.<br/>Lasts: ~8 min per dose, stacks up to 30 min max<br/>Warning: Very high toxicity (1.25 per dose). One dose can trigger overdose symptoms.<br/>EXP 04/2020","NEUROCETAL<br/>Glass ampoule, 5 doses. Draw with a sterile syringe and inject.<br/>What: Chemical antidote, strength 2 of 3.<br/>Use: moderate chemical poisoning from toxic gas.<br/>Lasts: ~8 min per dose, stacks up to 30 min max<br/>Warning: Very high toxicity (1.25 per dose). One dose can trigger overdose symptoms.<br/>EXP 04/2020","NEUROCETAL<br/>Glass ampoule, 5 doses. Draw with a sterile syringe and inject.<br/>What: Chemical antidote, strength 2 of 3.<br/>Use: moderate chemical poisoning from toxic gas.<br/>Lasts: ~8 min per dose, stacks up to 30 min max<br/>Warning: Very high toxicity (1.25 per dose). One dose can trigger overdose symptoms.<br/>EXP 04/2020","NEUROCETAL<br/>Glass ampoule, 5 doses. Draw with a sterile syringe and inject.<br/>What: Chemical antidote, strength 2 of 3.<br/>Use: moderate chemical poisoning from toxic gas.<br/>Lasts: ~8 min per dose, stacks up to 30 min max<br/>Warning: Very high toxicity (1.25 per dose). One dose can trigger overdose symptoms.<br/>EXP 04/2020","NEUROCETAL<br/>Glass ampoule, 5 doses. Draw with a sterile syringe and inject.<br/>What: Chemical antidote, strength 2 of 3.<br/>Use: moderate chemical poisoning from toxic gas.<br/>Lasts: ~8 min per dose, stacks up to 30 min max<br/>Warning: Very high toxicity (1.25 per dose). One dose can trigger overdose symptoms.<br/>EXP 04/2020","NEUROCETAL<br/>Glass ampoule, 5 doses. Draw with a sterile syringe and inject.<br/>What: Chemical antidote, strength 2 of 3.<br/>Use: moderate chemical poisoning from toxic gas.<br/>Lasts: ~8 min per dose, stacks up to 30 min max<br/>Warning: Very high toxicity (1.25 per dose). One dose can trigger overdose symptoms.<br/>EXP 04/2020","NEUROCETAL<br/>Glass ampoule, 5 doses. Draw with a sterile syringe and inject.<br/>What: Chemical antidote, strength 2 of 3.<br/>Use: moderate chemical poisoning from toxic gas.<br/>Lasts: ~8 min per dose, stacks up to 30 min max<br/>Warning: Very high toxicity (1.25 per dose). One dose can trigger overdose symptoms.<br/>EXP 04/2020","NEUROCETAL<br/>Glass ampoule, 5 doses. Draw with a sterile syringe and inject.<br/>What: Chemical antidote, strength 2 of 3.<br/>Use: moderate chemical poisoning from toxic gas.<br/>Lasts: ~8 min per dose, stacks up to 30 min max<br/>Warning: Very high toxicity (1.25 per dose). One dose can trigger overdose symptoms.<br/>EXP 04/2020","NEUROCETAL<br/>Glass ampoule, 5 doses. Draw with a sterile syringe and inject.<br/>What: Chemical antidote, strength 2 of 3.<br/>Use: moderate chemical poisoning from toxic gas.<br/>Lasts: ~8 min per dose, stacks up to 30 min max<br/>Warning: Very high toxicity (1.25 per dose). One dose can trigger overdose symptoms.<br/>EXP 04/2020","NEUROCETAL<br/>Glass ampoule, 5 doses. Draw with a sterile syringe and inject.<br/>What: Chemical antidote, strength 2 of 3.<br/>Use: moderate chemical poisoning from toxic gas.<br/>Lasts: ~8 min per dose, stacks up to 30 min max<br/>Warning: Very high toxicity (1.25 per dose). One dose can trigger overdose symptoms.<br/>EXP 04/2020","NEUROCETAL<br/>Glass ampoule, 5 doses. Draw with a sterile syringe and inject.<br/>What: Chemical antidote, strength 2 of 3.<br/>Use: moderate chemical poisoning from toxic gas.<br/>Lasts: ~8 min per dose, stacks up to 30 min max<br/>Warning: Very high toxicity (1.25 per dose). One dose can trigger overdose symptoms.<br/>EXP 04/2020","NEUROCETAL<br/>Glass ampoule, 5 doses. Draw with a sterile syringe and inject.<br/>What: Chemical antidote, strength 2 of 3.<br/>Use: moderate chemical poisoning from toxic gas.<br/>Lasts: ~8 min per dose, stacks up to 30 min max<br/>Warning: Very high toxicity (1.25 per dose). One dose can trigger overdose symptoms.<br/>EXP 04/2020","NEUROCETAL<br/>Glass ampoule, 5 doses. Draw with a sterile syringe and inject.<br/>What: Chemical antidote, strength 2 of 3.<br/>Use: moderate chemical poisoning from toxic gas.<br/>Lasts: ~8 min per dose, stacks up to 30 min max<br/>Warning: Very high toxicity (1.25 per dose). One dose can trigger overdose symptoms.<br/>EXP 04/2020",
"STR_MEDLBL_TERJEAMPOULEZIVIROL","ZIVIROL (EXPERIMENTAL)<br/>Glass ampoule, 5 doses. Draw with a sterile syringe and inject.<br/>What: Zombie virus antidote.<br/>Use: an active zombie virus infection at any stage.<br/>Lasts: ~17 min per dose, stacks up to 30 min max<br/>Warning: DANGER: toxicity 2.35 per dose. Overdose is near certain. Side effects on injection: -25 health, -15 blood, knocks you unconscious. Have a friend nearby.<br/>EXP UNKNOWN","ZIVIROL (EXPERIMENTAL)<br/>Glass ampoule, 5 doses. Draw with a sterile syringe and inject.<br/>What: Zombie virus antidote.<br/>Use: an active zombie virus infection at any stage.<br/>Lasts: ~17 min per dose, stacks up to 30 min max<br/>Warning: DANGER: toxicity 2.35 per dose. Overdose is near certain. Side effects on injection: -25 health, -15 blood, knocks you unconscious. Have a friend nearby.<br/>EXP UNKNOWN","ZIVIROL (EXPERIMENTAL)<br/>Glass ampoule, 5 doses. Draw with a sterile syringe and inject.<br/>What: Zombie virus antidote.<br/>Use: an active zombie virus infection at any stage.<br/>Lasts: ~17 min per dose, stacks up to 30 min max<br/>Warning: DANGER: toxicity 2.35 per dose. Overdose is near certain. Side effects on injection: -25 health, -15 blood, knocks you unconscious. Have a friend nearby.<br/>EXP UNKNOWN","ZIVIROL (EXPERIMENTAL)<br/>Glass ampoule, 5 doses. Draw with a sterile syringe and inject.<br/>What: Zombie virus antidote.<br/>Use: an active zombie virus infection at any stage.<br/>Lasts: ~17 min per dose, stacks up to 30 min max<br/>Warning: DANGER: toxicity 2.35 per dose. Overdose is near certain. Side effects on injection: -25 health, -15 blood, knocks you unconscious. Have a friend nearby.<br/>EXP UNKNOWN","ZIVIROL (EXPERIMENTAL)<br/>Glass ampoule, 5 doses. Draw with a sterile syringe and inject.<br/>What: Zombie virus antidote.<br/>Use: an active zombie virus infection at any stage.<br/>Lasts: ~17 min per dose, stacks up to 30 min max<br/>Warning: DANGER: toxicity 2.35 per dose. Overdose is near certain. Side effects on injection: -25 health, -15 blood, knocks you unconscious. Have a friend nearby.<br/>EXP UNKNOWN","ZIVIROL (EXPERIMENTAL)<br/>Glass ampoule, 5 doses. Draw with a sterile syringe and inject.<br/>What: Zombie virus antidote.<br/>Use: an active zombie virus infection at any stage.<br/>Lasts: ~17 min per dose, stacks up to 30 min max<br/>Warning: DANGER: toxicity 2.35 per dose. Overdose is near certain. Side effects on injection: -25 health, -15 blood, knocks you unconscious. Have a friend nearby.<br/>EXP UNKNOWN","ZIVIROL (EXPERIMENTAL)<br/>Glass ampoule, 5 doses. Draw with a sterile syringe and inject.<br/>What: Zombie virus antidote.<br/>Use: an active zombie virus infection at any stage.<br/>Lasts: ~17 min per dose, stacks up to 30 min max<br/>Warning: DANGER: toxicity 2.35 per dose. Overdose is near certain. Side effects on injection: -25 health, -15 blood, knocks you unconscious. Have a friend nearby.<br/>EXP UNKNOWN","ZIVIROL (EXPERIMENTAL)<br/>Glass ampoule, 5 doses. Draw with a sterile syringe and inject.<br/>What: Zombie virus antidote.<br/>Use: an active zombie virus infection at any stage.<br/>Lasts: ~17 min per dose, stacks up to 30 min max<br/>Warning: DANGER: toxicity 2.35 per dose. Overdose is near certain. Side effects on injection: -25 health, -15 blood, knocks you unconscious. Have a friend nearby.<br/>EXP UNKNOWN","ZIVIROL (EXPERIMENTAL)<br/>Glass ampoule, 5 doses. Draw with a sterile syringe and inject.<br/>What: Zombie virus antidote.<br/>Use: an active zombie virus infection at any stage.<br/>Lasts: ~17 min per dose, stacks up to 30 min max<br/>Warning: DANGER: toxicity 2.35 per dose. Overdose is near certain. Side effects on injection: -25 health, -15 blood, knocks you unconscious. Have a friend nearby.<br/>EXP UNKNOWN","ZIVIROL (EXPERIMENTAL)<br/>Glass ampoule, 5 doses. Draw with a sterile syringe and inject.<br/>What: Zombie virus antidote.<br/>Use: an active zombie virus infection at any stage.<br/>Lasts: ~17 min per dose, stacks up to 30 min max<br/>Warning: DANGER: toxicity 2.35 per dose. Overdose is near certain. Side effects on injection: -25 health, -15 blood, knocks you unconscious. Have a friend nearby.<br/>EXP UNKNOWN","ZIVIROL (EXPERIMENTAL)<br/>Glass ampoule, 5 doses. Draw with a sterile syringe and inject.<br/>What: Zombie virus antidote.<br/>Use: an active zombie virus infection at any stage.<br/>Lasts: ~17 min per dose, stacks up to 30 min max<br/>Warning: DANGER: toxicity 2.35 per dose. Overdose is near certain. Side effects on injection: -25 health, -15 blood, knocks you unconscious. Have a friend nearby.<br/>EXP UNKNOWN","ZIVIROL (EXPERIMENTAL)<br/>Glass ampoule, 5 doses. Draw with a sterile syringe and inject.<br/>What: Zombie virus antidote.<br/>Use: an active zombie virus infection at any stage.<br/>Lasts: ~17 min per dose, stacks up to 30 min max<br/>Warning: DANGER: toxicity 2.35 per dose. Overdose is near certain. Side effects on injection: -25 health, -15 blood, knocks you unconscious. Have a friend nearby.<br/>EXP UNKNOWN","ZIVIROL (EXPERIMENTAL)<br/>Glass ampoule, 5 doses. Draw with a sterile syringe and inject.<br/>What: Zombie virus antidote.<br/>Use: an active zombie virus infection at any stage.<br/>Lasts: ~17 min per dose, stacks up to 30 min max<br/>Warning: DANGER: toxicity 2.35 per dose. Overdose is near certain. Side effects on injection: -25 health, -15 blood, knocks you unconscious. Have a friend nearby.<br/>EXP UNKNOWN","ZIVIROL (EXPERIMENTAL)<br/>Glass ampoule, 5 doses. Draw with a sterile syringe and inject.<br/>What: Zombie virus antidote.<br/>Use: an active zombie virus infection at any stage.<br/>Lasts: ~17 min per dose, stacks up to 30 min max<br/>Warning: DANGER: toxicity 2.35 per dose. Overdose is near certain. Side effects on injection: -25 health, -15 blood, knocks you unconscious. Have a friend nearby.<br/>EXP UNKNOWN",
"STR_MEDLBL_TERJEAMPOULEPOTASSIUMCYANIDE","POTASSIUM CYANIDE<br/>Glass ampoule. POISON.<br/>What: POISON. Not a medicine.<br/>Use: nothing. Injection is fatal.<br/>Lasts: instant<br/>Warning: DANGER: toxicity 5.0 per dose. Overdose is near certain. Drains all food and water on injection.<br/>EXP NONE","POTASSIUM CYANIDE<br/>Glass ampoule. POISON.<br/>What: POISON. Not a medicine.<br/>Use: nothing. Injection is fatal.<br/>Lasts: instant<br/>Warning: DANGER: toxicity 5.0 per dose. Overdose is near certain. Drains all food and water on injection.<br/>EXP NONE","POTASSIUM CYANIDE<br/>Glass ampoule. POISON.<br/>What: POISON. Not a medicine.<br/>Use: nothing. Injection is fatal.<br/>Lasts: instant<br/>Warning: DANGER: toxicity 5.0 per dose. Overdose is near certain. Drains all food and water on injection.<br/>EXP NONE","POTASSIUM CYANIDE<br/>Glass ampoule. POISON.<br/>What: POISON. Not a medicine.<br/>Use: nothing. Injection is fatal.<br/>Lasts: instant<br/>Warning: DANGER: toxicity 5.0 per dose. Overdose is near certain. Drains all food and water on injection.<br/>EXP NONE","POTASSIUM CYANIDE<br/>Glass ampoule. POISON.<br/>What: POISON. Not a medicine.<br/>Use: nothing. Injection is fatal.<br/>Lasts: instant<br/>Warning: DANGER: toxicity 5.0 per dose. Overdose is near certain. Drains all food and water on injection.<br/>EXP NONE","POTASSIUM CYANIDE<br/>Glass ampoule. POISON.<br/>What: POISON. Not a medicine.<br/>Use: nothing. Injection is fatal.<br/>Lasts: instant<br/>Warning: DANGER: toxicity 5.0 per dose. Overdose is near certain. Drains all food and water on injection.<br/>EXP NONE","POTASSIUM CYANIDE<br/>Glass ampoule. POISON.<br/>What: POISON. Not a medicine.<br/>Use: nothing. Injection is fatal.<br/>Lasts: instant<br/>Warning: DANGER: toxicity 5.0 per dose. Overdose is near certain. Drains all food and water on injection.<br/>EXP NONE","POTASSIUM CYANIDE<br/>Glass ampoule. POISON.<br/>What: POISON. Not a medicine.<br/>Use: nothing. Injection is fatal.<br/>Lasts: instant<br/>Warning: DANGER: toxicity 5.0 per dose. Overdose is near certain. Drains all food and water on injection.<br/>EXP NONE","POTASSIUM CYANIDE<br/>Glass ampoule. POISON.<br/>What: POISON. Not a medicine.<br/>Use: nothing. Injection is fatal.<br/>Lasts: instant<br/>Warning: DANGER: toxicity 5.0 per dose. Overdose is near certain. Drains all food and water on injection.<br/>EXP NONE","POTASSIUM CYANIDE<br/>Glass ampoule. POISON.<br/>What: POISON. Not a medicine.<br/>Use: nothing. Injection is fatal.<br/>Lasts: instant<br/>Warning: DANGER: toxicity 5.0 per dose. Overdose is near certain. Drains all food and water on injection.<br/>EXP NONE","POTASSIUM CYANIDE<br/>Glass ampoule. POISON.<br/>What: POISON. Not a medicine.<br/>Use: nothing. Injection is fatal.<br/>Lasts: instant<br/>Warning: DANGER: toxicity 5.0 per dose. Overdose is near certain. Drains all food and water on injection.<br/>EXP NONE","POTASSIUM CYANIDE<br/>Glass ampoule. POISON.<br/>What: POISON. Not a medicine.<br/>Use: nothing. Injection is fatal.<br/>Lasts: instant<br/>Warning: DANGER: toxicity 5.0 per dose. Overdose is near certain. Drains all food and water on injection.<br/>EXP NONE","POTASSIUM CYANIDE<br/>Glass ampoule. POISON.<br/>What: POISON. Not a medicine.<br/>Use: nothing. Injection is fatal.<br/>Lasts: instant<br/>Warning: DANGER: toxicity 5.0 per dose. Overdose is near certain. Drains all food and water on injection.<br/>EXP NONE","POTASSIUM CYANIDE<br/>Glass ampoule. POISON.<br/>What: POISON. Not a medicine.<br/>Use: nothing. Injection is fatal.<br/>Lasts: instant<br/>Warning: DANGER: toxicity 5.0 per dose. Overdose is near certain. Drains all food and water on injection.<br/>EXP NONE",
"STR_MEDLBL_TERJEAMPOULEARSENIC","ARSENIC<br/>Glass ampoule. POISON.<br/>What: POISON. Not a medicine.<br/>Use: nothing. Injection is fatal.<br/>Lasts: instant<br/>Warning: DANGER: toxicity 5.0 per dose. Overdose is near certain. -50 health on injection.<br/>EXP NONE","ARSENIC<br/>Glass ampoule. POISON.<br/>What: POISON. Not a medicine.<br/>Use: nothing. Injection is fatal.<br/>Lasts: instant<br/>Warning: DANGER: toxicity 5.0 per dose. Overdose is near certain. -50 health on injection.<br/>EXP NONE","ARSENIC<br/>Glass ampoule. POISON.<br/>What: POISON. Not a medicine.<br/>Use: nothing. Injection is fatal.<br/>Lasts: instant<br/>Warning: DANGER: toxicity 5.0 per dose. Overdose is near certain. -50 health on injection.<br/>EXP NONE","ARSENIC<br/>Glass ampoule. POISON.<br/>What: POISON. Not a medicine.<br/>Use: nothing. Injection is fatal.<br/>Lasts: instant<br/>Warning: DANGER: toxicity 5.0 per dose. Overdose is near certain. -50 health on injection.<br/>EXP NONE","ARSENIC<br/>Glass ampoule. POISON.<br/>What: POISON. Not a medicine.<br/>Use: nothing. Injection is fatal.<br/>Lasts: instant<br/>Warning: DANGER: toxicity 5.0 per dose. Overdose is near certain. -50 health on injection.<br/>EXP NONE","ARSENIC<br/>Glass ampoule. POISON.<br/>What: POISON. Not a medicine.<br/>Use: nothing. Injection is fatal.<br/>Lasts: instant<br/>Warning: DANGER: toxicity 5.0 per dose. Overdose is near certain. -50 health on injection.<br/>EXP NONE","ARSENIC<br/>Glass ampoule. POISON.<br/>What: POISON. Not a medicine.<br/>Use: nothing. Injection is fatal.<br/>Lasts: instant<br/>Warning: DANGER: toxicity 5.0 per dose. Overdose is near certain. -50 health on injection.<br/>EXP NONE","ARSENIC<br/>Glass ampoule. POISON.<br/>What: POISON. Not a medicine.<br/>Use: nothing. Injection is fatal.<br/>Lasts: instant<br/>Warning: DANGER: toxicity 5.0 per dose. Overdose is near certain. -50 health on injection.<br/>EXP NONE","ARSENIC<br/>Glass ampoule. POISON.<br/>What: POISON. Not a medicine.<br/>Use: nothing. Injection is fatal.<br/>Lasts: instant<br/>Warning: DANGER: toxicity 5.0 per dose. Overdose is near certain. -50 health on injection.<br/>EXP NONE","ARSENIC<br/>Glass ampoule. POISON.<br/>What: POISON. Not a medicine.<br/>Use: nothing. Injection is fatal.<br/>Lasts: instant<br/>Warning: DANGER: toxicity 5.0 per dose. Overdose is near certain. -50 health on injection.<br/>EXP NONE","ARSENIC<br/>Glass ampoule. POISON.<br/>What: POISON. Not a medicine.<br/>Use: nothing. Injection is fatal.<br/>Lasts: instant<br/>Warning: DANGER: toxicity 5.0 per dose. Overdose is near certain. -50 health on injection.<br/>EXP NONE","ARSENIC<br/>Glass ampoule. POISON.<br/>What: POISON. Not a medicine.<br/>Use: nothing. Injection is fatal.<br/>Lasts: instant<br/>Warning: DANGER: toxicity 5.0 per dose. Overdose is near certain. -50 health on injection.<br/>EXP NONE","ARSENIC<br/>Glass ampoule. POISON.<br/>What: POISON. Not a medicine.<br/>Use: nothing. Injection is fatal.<br/>Lasts: instant<br/>Warning: DANGER: toxicity 5.0 per dose. Overdose is near certain. -50 health on injection.<br/>EXP NONE","ARSENIC<br/>Glass ampoule. POISON.<br/>What: POISON. Not a medicine.<br/>Use: nothing. Injection is fatal.<br/>Lasts: instant<br/>Warning: DANGER: toxicity 5.0 per dose. Overdose is near certain. -50 health on injection.<br/>EXP NONE",
"STR_MEDLBL_TERJEAMPOULEBELADONNA","BELLADONNA EXTRACT<br/>Glass ampoule. POISON.<br/>What: Plant toxin. Not a medicine.<br/>Use: nothing useful. Causes severe pain and concussion.<br/>Lasts: instant<br/>Warning: DANGER: toxicity 3.8 per dose. Overdose is near certain. Causes strong pain and a light concussion.<br/>EXP NONE","BELLADONNA EXTRACT<br/>Glass ampoule. POISON.<br/>What: Plant toxin. Not a medicine.<br/>Use: nothing useful. Causes severe pain and concussion.<br/>Lasts: instant<br/>Warning: DANGER: toxicity 3.8 per dose. Overdose is near certain. Causes strong pain and a light concussion.<br/>EXP NONE","BELLADONNA EXTRACT<br/>Glass ampoule. POISON.<br/>What: Plant toxin. Not a medicine.<br/>Use: nothing useful. Causes severe pain and concussion.<br/>Lasts: instant<br/>Warning: DANGER: toxicity 3.8 per dose. Overdose is near certain. Causes strong pain and a light concussion.<br/>EXP NONE","BELLADONNA EXTRACT<br/>Glass ampoule. POISON.<br/>What: Plant toxin. Not a medicine.<br/>Use: nothing useful. Causes severe pain and concussion.<br/>Lasts: instant<br/>Warning: DANGER: toxicity 3.8 per dose. Overdose is near certain. Causes strong pain and a light concussion.<br/>EXP NONE","BELLADONNA EXTRACT<br/>Glass ampoule. POISON.<br/>What: Plant toxin. Not a medicine.<br/>Use: nothing useful. Causes severe pain and concussion.<br/>Lasts: instant<br/>Warning: DANGER: toxicity 3.8 per dose. Overdose is near certain. Causes strong pain and a light concussion.<br/>EXP NONE","BELLADONNA EXTRACT<br/>Glass ampoule. POISON.<br/>What: Plant toxin. Not a medicine.<br/>Use: nothing useful. Causes severe pain and concussion.<br/>Lasts: instant<br/>Warning: DANGER: toxicity 3.8 per dose. Overdose is near certain. Causes strong pain and a light concussion.<br/>EXP NONE","BELLADONNA EXTRACT<br/>Glass ampoule. POISON.<br/>What: Plant toxin. Not a medicine.<br/>Use: nothing useful. Causes severe pain and concussion.<br/>Lasts: instant<br/>Warning: DANGER: toxicity 3.8 per dose. Overdose is near certain. Causes strong pain and a light concussion.<br/>EXP NONE","BELLADONNA EXTRACT<br/>Glass ampoule. POISON.<br/>What: Plant toxin. Not a medicine.<br/>Use: nothing useful. Causes severe pain and concussion.<br/>Lasts: instant<br/>Warning: DANGER: toxicity 3.8 per dose. Overdose is near certain. Causes strong pain and a light concussion.<br/>EXP NONE","BELLADONNA EXTRACT<br/>Glass ampoule. POISON.<br/>What: Plant toxin. Not a medicine.<br/>Use: nothing useful. Causes severe pain and concussion.<br/>Lasts: instant<br/>Warning: DANGER: toxicity 3.8 per dose. Overdose is near certain. Causes strong pain and a light concussion.<br/>EXP NONE","BELLADONNA EXTRACT<br/>Glass ampoule. POISON.<br/>What: Plant toxin. Not a medicine.<br/>Use: nothing useful. Causes severe pain and concussion.<br/>Lasts: instant<br/>Warning: DANGER: toxicity 3.8 per dose. Overdose is near certain. Causes strong pain and a light concussion.<br/>EXP NONE","BELLADONNA EXTRACT<br/>Glass ampoule. POISON.<br/>What: Plant toxin. Not a medicine.<br/>Use: nothing useful. Causes severe pain and concussion.<br/>Lasts: instant<br/>Warning: DANGER: toxicity 3.8 per dose. Overdose is near certain. Causes strong pain and a light concussion.<br/>EXP NONE","BELLADONNA EXTRACT<br/>Glass ampoule. POISON.<br/>What: Plant toxin. Not a medicine.<br/>Use: nothing useful. Causes severe pain and concussion.<br/>Lasts: instant<br/>Warning: DANGER: toxicity 3.8 per dose. Overdose is near certain. Causes strong pain and a light concussion.<br/>EXP NONE","BELLADONNA EXTRACT<br/>Glass ampoule. POISON.<br/>What: Plant toxin. Not a medicine.<br/>Use: nothing useful. Causes severe pain and concussion.<br/>Lasts: instant<br/>Warning: DANGER: toxicity 3.8 per dose. Overdose is near certain. Causes strong pain and a light concussion.<br/>EXP NONE","BELLADONNA EXTRACT<br/>Glass ampoule. POISON.<br/>What: Plant toxin. Not a medicine.<br/>Use: nothing useful. Causes severe pain and concussion.<br/>Lasts: instant<br/>Warning: DANGER: toxicity 3.8 per dose. Overdose is near certain. Causes strong pain and a light concussion.<br/>EXP NONE",
"STR_MEDLBL_TERJEAMPOULESTRYCHNINE","STRYCHNINE<br/>Glass ampoule. POISON.<br/>What: Convulsant poison. Not a medicine.<br/>Use: nothing. Injection is fatal.<br/>Lasts: instant<br/>Warning: DANGER: toxicity 3.2 per dose. Overdose is near certain. Massive blood loss, dehydration and heavy concussion.<br/>EXP NONE","STRYCHNINE<br/>Glass ampoule. POISON.<br/>What: Convulsant poison. Not a medicine.<br/>Use: nothing. Injection is fatal.<br/>Lasts: instant<br/>Warning: DANGER: toxicity 3.2 per dose. Overdose is near certain. Massive blood loss, dehydration and heavy concussion.<br/>EXP NONE","STRYCHNINE<br/>Glass ampoule. POISON.<br/>What: Convulsant poison. Not a medicine.<br/>Use: nothing. Injection is fatal.<br/>Lasts: instant<br/>Warning: DANGER: toxicity 3.2 per dose. Overdose is near certain. Massive blood loss, dehydration and heavy concussion.<br/>EXP NONE","STRYCHNINE<br/>Glass ampoule. POISON.<br/>What: Convulsant poison. Not a medicine.<br/>Use: nothing. Injection is fatal.<br/>Lasts: instant<br/>Warning: DANGER: toxicity 3.2 per dose. Overdose is near certain. Massive blood loss, dehydration and heavy concussion.<br/>EXP NONE","STRYCHNINE<br/>Glass ampoule. POISON.<br/>What: Convulsant poison. Not a medicine.<br/>Use: nothing. Injection is fatal.<br/>Lasts: instant<br/>Warning: DANGER: toxicity 3.2 per dose. Overdose is near certain. Massive blood loss, dehydration and heavy concussion.<br/>EXP NONE","STRYCHNINE<br/>Glass ampoule. POISON.<br/>What: Convulsant poison. Not a medicine.<br/>Use: nothing. Injection is fatal.<br/>Lasts: instant<br/>Warning: DANGER: toxicity 3.2 per dose. Overdose is near certain. Massive blood loss, dehydration and heavy concussion.<br/>EXP NONE","STRYCHNINE<br/>Glass ampoule. POISON.<br/>What: Convulsant poison. Not a medicine.<br/>Use: nothing. Injection is fatal.<br/>Lasts: instant<br/>Warning: DANGER: toxicity 3.2 per dose. Overdose is near certain. Massive blood loss, dehydration and heavy concussion.<br/>EXP NONE","STRYCHNINE<br/>Glass ampoule. POISON.<br/>What: Convulsant poison. Not a medicine.<br/>Use: nothing. Injection is fatal.<br/>Lasts: instant<br/>Warning: DANGER: toxicity 3.2 per dose. Overdose is near certain. Massive blood loss, dehydration and heavy concussion.<br/>EXP NONE","STRYCHNINE<br/>Glass ampoule. POISON.<br/>What: Convulsant poison. Not a medicine.<br/>Use: nothing. Injection is fatal.<br/>Lasts: instant<br/>Warning: DANGER: toxicity 3.2 per dose. Overdose is near certain. Massive blood loss, dehydration and heavy concussion.<br/>EXP NONE","STRYCHNINE<br/>Glass ampoule. POISON.<br/>What: Convulsant poison. Not a medicine.<br/>Use: nothing. Injection is fatal.<br/>Lasts: instant<br/>Warning: DANGER: toxicity 3.2 per dose. Overdose is near certain. Massive blood loss, dehydration and heavy concussion.<br/>EXP NONE","STRYCHNINE<br/>Glass ampoule. POISON.<br/>What: Convulsant poison. Not a medicine.<br/>Use: nothing. Injection is fatal.<br/>Lasts: instant<br/>Warning: DANGER: toxicity 3.2 per dose. Overdose is near certain. Massive blood loss, dehydration and heavy concussion.<br/>EXP NONE","STRYCHNINE<br/>Glass ampoule. POISON.<br/>What: Convulsant poison. Not a medicine.<br/>Use: nothing. Injection is fatal.<br/>Lasts: instant<br/>Warning: DANGER: toxicity 3.2 per dose. Overdose is near certain. Massive blood loss, dehydration and heavy concussion.<br/>EXP NONE","STRYCHNINE<br/>Glass ampoule. POISON.<br/>What: Convulsant poison. Not a medicine.<br/>Use: nothing. Injection is fatal.<br/>Lasts: instant<br/>Warning: DANGER: toxicity 3.2 per dose. Overdose is near certain. Massive blood loss, dehydration and heavy concussion.<br/>EXP NONE","STRYCHNINE<br/>Glass ampoule. POISON.<br/>What: Convulsant poison. Not a medicine.<br/>Use: nothing. Injection is fatal.<br/>Lasts: instant<br/>Warning: DANGER: toxicity 3.2 per dose. Overdose is near certain. Massive blood loss, dehydration and heavy concussion.<br/>EXP NONE",
"STR_MEDLBL_TERJEAMPOULEKONYIN","KONYIN<br/>Glass ampoule. Sedative poison.<br/>What: Sedative toxin. Not a medicine.<br/>Use: nothing useful. Puts the target to sleep.<br/>Lasts: knocks the target out over 5 min<br/>Warning: DANGER: toxicity 3.0 per dose. Overdose is near certain.<br/>EXP NONE","KONYIN<br/>Glass ampoule. Sedative poison.<br/>What: Sedative toxin. Not a medicine.<br/>Use: nothing useful. Puts the target to sleep.<br/>Lasts: knocks the target out over 5 min<br/>Warning: DANGER: toxicity 3.0 per dose. Overdose is near certain.<br/>EXP NONE","KONYIN<br/>Glass ampoule. Sedative poison.<br/>What: Sedative toxin. Not a medicine.<br/>Use: nothing useful. Puts the target to sleep.<br/>Lasts: knocks the target out over 5 min<br/>Warning: DANGER: toxicity 3.0 per dose. Overdose is near certain.<br/>EXP NONE","KONYIN<br/>Glass ampoule. Sedative poison.<br/>What: Sedative toxin. Not a medicine.<br/>Use: nothing useful. Puts the target to sleep.<br/>Lasts: knocks the target out over 5 min<br/>Warning: DANGER: toxicity 3.0 per dose. Overdose is near certain.<br/>EXP NONE","KONYIN<br/>Glass ampoule. Sedative poison.<br/>What: Sedative toxin. Not a medicine.<br/>Use: nothing useful. Puts the target to sleep.<br/>Lasts: knocks the target out over 5 min<br/>Warning: DANGER: toxicity 3.0 per dose. Overdose is near certain.<br/>EXP NONE","KONYIN<br/>Glass ampoule. Sedative poison.<br/>What: Sedative toxin. Not a medicine.<br/>Use: nothing useful. Puts the target to sleep.<br/>Lasts: knocks the target out over 5 min<br/>Warning: DANGER: toxicity 3.0 per dose. Overdose is near certain.<br/>EXP NONE","KONYIN<br/>Glass ampoule. Sedative poison.<br/>What: Sedative toxin. Not a medicine.<br/>Use: nothing useful. Puts the target to sleep.<br/>Lasts: knocks the target out over 5 min<br/>Warning: DANGER: toxicity 3.0 per dose. Overdose is near certain.<br/>EXP NONE","KONYIN<br/>Glass ampoule. Sedative poison.<br/>What: Sedative toxin. Not a medicine.<br/>Use: nothing useful. Puts the target to sleep.<br/>Lasts: knocks the target out over 5 min<br/>Warning: DANGER: toxicity 3.0 per dose. Overdose is near certain.<br/>EXP NONE","KONYIN<br/>Glass ampoule. Sedative poison.<br/>What: Sedative toxin. Not a medicine.<br/>Use: nothing useful. Puts the target to sleep.<br/>Lasts: knocks the target out over 5 min<br/>Warning: DANGER: toxicity 3.0 per dose. Overdose is near certain.<br/>EXP NONE","KONYIN<br/>Glass ampoule. Sedative poison.<br/>What: Sedative toxin. Not a medicine.<br/>Use: nothing useful. Puts the target to sleep.<br/>Lasts: knocks the target out over 5 min<br/>Warning: DANGER: toxicity 3.0 per dose. Overdose is near certain.<br/>EXP NONE","KONYIN<br/>Glass ampoule. Sedative poison.<br/>What: Sedative toxin. Not a medicine.<br/>Use: nothing useful. Puts the target to sleep.<br/>Lasts: knocks the target out over 5 min<br/>Warning: DANGER: toxicity 3.0 per dose. Overdose is near certain.<br/>EXP NONE","KONYIN<br/>Glass ampoule. Sedative poison.<br/>What: Sedative toxin. Not a medicine.<br/>Use: nothing useful. Puts the target to sleep.<br/>Lasts: knocks the target out over 5 min<br/>Warning: DANGER: toxicity 3.0 per dose. Overdose is near certain.<br/>EXP NONE","KONYIN<br/>Glass ampoule. Sedative poison.<br/>What: Sedative toxin. Not a medicine.<br/>Use: nothing useful. Puts the target to sleep.<br/>Lasts: knocks the target out over 5 min<br/>Warning: DANGER: toxicity 3.0 per dose. Overdose is near certain.<br/>EXP NONE","KONYIN<br/>Glass ampoule. Sedative poison.<br/>What: Sedative toxin. Not a medicine.<br/>Use: nothing useful. Puts the target to sleep.<br/>Lasts: knocks the target out over 5 min<br/>Warning: DANGER: toxicity 3.0 per dose. Overdose is near certain.<br/>EXP NONE",
"STR_MEDLBL_EPINEPHRINE","EPINEPHRINE<br/>Auto-injector, single dose. Press against skin. No syringe needed.<br/>What: Stimulant (adrenaline).<br/>Use: waking an unconscious patient and restoring stamina.<br/>Lasts: 12 min<br/>Warning: Moderate toxicity (0.55 per dose). Do not stack doses.<br/>EXP 09/2021","EPINEPHRINE<br/>Auto-injector, single dose. Press against skin. No syringe needed.<br/>What: Stimulant (adrenaline).<br/>Use: waking an unconscious patient and restoring stamina.<br/>Lasts: 12 min<br/>Warning: Moderate toxicity (0.55 per dose). Do not stack doses.<br/>EXP 09/2021","EPINEPHRINE<br/>Auto-injector, single dose. Press against skin. No syringe needed.<br/>What: Stimulant (adrenaline).<br/>Use: waking an unconscious patient and restoring stamina.<br/>Lasts: 12 min<br/>Warning: Moderate toxicity (0.55 per dose). Do not stack doses.<br/>EXP 09/2021","EPINEPHRINE<br/>Auto-injector, single dose. Press against skin. No syringe needed.<br/>What: Stimulant (adrenaline).<br/>Use: waking an unconscious patient and restoring stamina.<br/>Lasts: 12 min<br/>Warning: Moderate toxicity (0.55 per dose). Do not stack doses.<br/>EXP 09/2021","EPINEPHRINE<br/>Auto-injector, single dose. Press against skin. No syringe needed.<br/>What: Stimulant (adrenaline).<br/>Use: waking an unconscious patient and restoring stamina.<br/>Lasts: 12 min<br/>Warning: Moderate toxicity (0.55 per dose). Do not stack doses.<br/>EXP 09/2021","EPINEPHRINE<br/>Auto-injector, single dose. Press against skin. No syringe needed.<br/>What: Stimulant (adrenaline).<br/>Use: waking an unconscious patient and restoring stamina.<br/>Lasts: 12 min<br/>Warning: Moderate toxicity (0.55 per dose). Do not stack doses.<br/>EXP 09/2021","EPINEPHRINE<br/>Auto-injector, single dose. Press against skin. No syringe needed.<br/>What: Stimulant (adrenaline).<br/>Use: waking an unconscious patient and restoring stamina.<br/>Lasts: 12 min<br/>Warning: Moderate toxicity (0.55 per dose). Do not stack doses.<br/>EXP 09/2021","EPINEPHRINE<br/>Auto-injector, single dose. Press against skin. No syringe needed.<br/>What: Stimulant (adrenaline).<br/>Use: waking an unconscious patient and restoring stamina.<br/>Lasts: 12 min<br/>Warning: Moderate toxicity (0.55 per dose). Do not stack doses.<br/>EXP 09/2021","EPINEPHRINE<br/>Auto-injector, single dose. Press against skin. No syringe needed.<br/>What: Stimulant (adrenaline).<br/>Use: waking an unconscious patient and restoring stamina.<br/>Lasts: 12 min<br/>Warning: Moderate toxicity (0.55 per dose). Do not stack doses.<br/>EXP 09/2021","EPINEPHRINE<br/>Auto-injector, single dose. Press against skin. No syringe needed.<br/>What: Stimulant (adrenaline).<br/>Use: waking an unconscious patient and restoring stamina.<br/>Lasts: 12 min<br/>Warning: Moderate toxicity (0.55 per dose). Do not stack doses.<br/>EXP 09/2021","EPINEPHRINE<br/>Auto-injector, single dose. Press against skin. No syringe needed.<br/>What: Stimulant (adrenaline).<br/>Use: waking an unconscious patient and restoring stamina.<br/>Lasts: 12 min<br/>Warning: Moderate toxicity (0.55 per dose). Do not stack doses.<br/>EXP 09/2021","EPINEPHRINE<br/>Auto-injector, single dose. Press against skin. No syringe needed.<br/>What: Stimulant (adrenaline).<br/>Use: waking an unconscious patient and restoring stamina.<br/>Lasts: 12 min<br/>Warning: Moderate toxicity (0.55 per dose). Do not stack doses.<br/>EXP 09/2021","EPINEPHRINE<br/>Auto-injector, single dose. Press against skin. No syringe needed.<br/>What: Stimulant (adrenaline).<br/>Use: waking an unconscious patient and restoring stamina.<br/>Lasts: 12 min<br/>Warning: Moderate toxicity (0.55 per dose). Do not stack doses.<br/>EXP 09/2021","EPINEPHRINE<br/>Auto-injector, single dose. Press against skin. No syringe needed.<br/>What: Stimulant (adrenaline).<br/>Use: waking an unconscious patient and restoring stamina.<br/>Lasts: 12 min<br/>Warning: Moderate toxicity (0.55 per dose). Do not stack doses.<br/>EXP 09/2021",
"STR_MEDLBL_MORPHINE","MORPHINE<br/>Auto-injector, single dose. Press against skin. No syringe needed.<br/>What: Opioid painkiller, strength 3 of 3.<br/>Use: severe pain from gunshot wounds and surgery.<br/>Lasts: 5 min<br/>Warning: High toxicity (0.75 per dose). Repeat doses risk overdose.<br/>EXP 05/2020","MORPHINE<br/>Auto-injector, single dose. Press against skin. No syringe needed.<br/>What: Opioid painkiller, strength 3 of 3.<br/>Use: severe pain from gunshot wounds and surgery.<br/>Lasts: 5 min<br/>Warning: High toxicity (0.75 per dose). Repeat doses risk overdose.<br/>EXP 05/2020","MORPHINE<br/>Auto-injector, single dose. Press against skin. No syringe needed.<br/>What: Opioid painkiller, strength 3 of 3.<br/>Use: severe pain from gunshot wounds and surgery.<br/>Lasts: 5 min<br/>Warning: High toxicity (0.75 per dose). Repeat doses risk overdose.<br/>EXP 05/2020","MORPHINE<br/>Auto-injector, single dose. Press against skin. No syringe needed.<br/>What: Opioid painkiller, strength 3 of 3.<br/>Use: severe pain from gunshot wounds and surgery.<br/>Lasts: 5 min<br/>Warning: High toxicity (0.75 per dose). Repeat doses risk overdose.<br/>EXP 05/2020","MORPHINE<br/>Auto-injector, single dose. Press against skin. No syringe needed.<br/>What: Opioid painkiller, strength 3 of 3.<br/>Use: severe pain from gunshot wounds and surgery.<br/>Lasts: 5 min<br/>Warning: High toxicity (0.75 per dose). Repeat doses risk overdose.<br/>EXP 05/2020","MORPHINE<br/>Auto-injector, single dose. Press against skin. No syringe needed.<br/>What: Opioid painkiller, strength 3 of 3.<br/>Use: severe pain from gunshot wounds and surgery.<br/>Lasts: 5 min<br/>Warning: High toxicity (0.75 per dose). Repeat doses risk overdose.<br/>EXP 05/2020","MORPHINE<br/>Auto-injector, single dose. Press against skin. No syringe needed.<br/>What: Opioid painkiller, strength 3 of 3.<br/>Use: severe pain from gunshot wounds and surgery.<br/>Lasts: 5 min<br/>Warning: High toxicity (0.75 per dose). Repeat doses risk overdose.<br/>EXP 05/2020","MORPHINE<br/>Auto-injector, single dose. Press against skin. No syringe needed.<br/>What: Opioid painkiller, strength 3 of 3.<br/>Use: severe pain from gunshot wounds and surgery.<br/>Lasts: 5 min<br/>Warning: High toxicity (0.75 per dose). Repeat doses risk overdose.<br/>EXP 05/2020","MORPHINE<br/>Auto-injector, single dose. Press against skin. No syringe needed.<br/>What: Opioid painkiller, strength 3 of 3.<br/>Use: severe pain from gunshot wounds and surgery.<br/>Lasts: 5 min<br/>Warning: High toxicity (0.75 per dose). Repeat doses risk overdose.<br/>EXP 05/2020","MORPHINE<br/>Auto-injector, single dose. Press against skin. No syringe needed.<br/>What: Opioid painkiller, strength 3 of 3.<br/>Use: severe pain from gunshot wounds and surgery.<br/>Lasts: 5 min<br/>Warning: High toxicity (0.75 per dose). Repeat doses risk overdose.<br/>EXP 05/2020","MORPHINE<br/>Auto-injector, single dose. Press against skin. No syringe needed.<br/>What: Opioid painkiller, strength 3 of 3.<br/>Use: severe pain from gunshot wounds and surgery.<br/>Lasts: 5 min<br/>Warning: High toxicity (0.75 per dose). Repeat doses risk overdose.<br/>EXP 05/2020","MORPHINE<br/>Auto-injector, single dose. Press against skin. No syringe needed.<br/>What: Opioid painkiller, strength 3 of 3.<br/>Use: severe pain from gunshot wounds and surgery.<br/>Lasts: 5 min<br/>Warning: High toxicity (0.75 per dose). Repeat doses risk overdose.<br/>EXP 05/2020","MORPHINE<br/>Auto-injector, single dose. Press against skin. No syringe needed.<br/>What: Opioid painkiller, strength 3 of 3.<br/>Use: severe pain from gunshot wounds and surgery.<br/>Lasts: 5 min<br/>Warning: High toxicity (0.75 per dose). Repeat doses risk overdose.<br/>EXP 05/2020","MORPHINE<br/>Auto-injector, single dose. Press against skin. No syringe needed.<br/>What: Opioid painkiller, strength 3 of 3.<br/>Use: severe pain from gunshot wounds and surgery.<br/>Lasts: 5 min<br/>Warning: High toxicity (0.75 per dose). Repeat doses risk overdose.<br/>EXP 05/2020",
"STR_MEDLBL_ANTICHEMINJECTOR","ANTICHEM<br/>Auto-injector, single dose. Press against skin. No syringe needed.<br/>What: Chemical antidote, strength 3 of 3.<br/>Use: severe chemical poisoning from toxic gas.<br/>Lasts: 3 min<br/>Warning: Very high toxicity (1.1 per dose). One dose can trigger overdose symptoms.<br/>EXP 08/2018","ANTICHEM<br/>Auto-injector, single dose. Press against skin. No syringe needed.<br/>What: Chemical antidote, strength 3 of 3.<br/>Use: severe chemical poisoning from toxic gas.<br/>Lasts: 3 min<br/>Warning: Very high toxicity (1.1 per dose). One dose can trigger overdose symptoms.<br/>EXP 08/2018","ANTICHEM<br/>Auto-injector, single dose. Press against skin. No syringe needed.<br/>What: Chemical antidote, strength 3 of 3.<br/>Use: severe chemical poisoning from toxic gas.<br/>Lasts: 3 min<br/>Warning: Very high toxicity (1.1 per dose). One dose can trigger overdose symptoms.<br/>EXP 08/2018","ANTICHEM<br/>Auto-injector, single dose. Press against skin. No syringe needed.<br/>What: Chemical antidote, strength 3 of 3.<br/>Use: severe chemical poisoning from toxic gas.<br/>Lasts: 3 min<br/>Warning: Very high toxicity (1.1 per dose). One dose can trigger overdose symptoms.<br/>EXP 08/2018","ANTICHEM<br/>Auto-injector, single dose. Press against skin. No syringe needed.<br/>What: Chemical antidote, strength 3 of 3.<br/>Use: severe chemical poisoning from toxic gas.<br/>Lasts: 3 min<br/>Warning: Very high toxicity (1.1 per dose). One dose can trigger overdose symptoms.<br/>EXP 08/2018","ANTICHEM<br/>Auto-injector, single dose. Press against skin. No syringe needed.<br/>What: Chemical antidote, strength 3 of 3.<br/>Use: severe chemical poisoning from toxic gas.<br/>Lasts: 3 min<br/>Warning: Very high toxicity (1.1 per dose). One dose can trigger overdose symptoms.<br/>EXP 08/2018","ANTICHEM<br/>Auto-injector, single dose. Press against skin. No syringe needed.<br/>What: Chemical antidote, strength 3 of 3.<br/>Use: severe chemical poisoning from toxic gas.<br/>Lasts: 3 min<br/>Warning: Very high toxicity (1.1 per dose). One dose can trigger overdose symptoms.<br/>EXP 08/2018","ANTICHEM<br/>Auto-injector, single dose. Press against skin. No syringe needed.<br/>What: Chemical antidote, strength 3 of 3.<br/>Use: severe chemical poisoning from toxic gas.<br/>Lasts: 3 min<br/>Warning: Very high toxicity (1.1 per dose). One dose can trigger overdose symptoms.<br/>EXP 08/2018","ANTICHEM<br/>Auto-injector, single dose. Press against skin. No syringe needed.<br/>What: Chemical antidote, strength 3 of 3.<br/>Use: severe chemical poisoning from toxic gas.<br/>Lasts: 3 min<br/>Warning: Very high toxicity (1.1 per dose). One dose can trigger overdose symptoms.<br/>EXP 08/2018","ANTICHEM<br/>Auto-injector, single dose. Press against skin. No syringe needed.<br/>What: Chemical antidote, strength 3 of 3.<br/>Use: severe chemical poisoning from toxic gas.<br/>Lasts: 3 min<br/>Warning: Very high toxicity (1.1 per dose). One dose can trigger overdose symptoms.<br/>EXP 08/2018","ANTICHEM<br/>Auto-injector, single dose. Press against skin. No syringe needed.<br/>What: Chemical antidote, strength 3 of 3.<br/>Use: severe chemical poisoning from toxic gas.<br/>Lasts: 3 min<br/>Warning: Very high toxicity (1.1 per dose). One dose can trigger overdose symptoms.<br/>EXP 08/2018","ANTICHEM<br/>Auto-injector, single dose. Press against skin. No syringe needed.<br/>What: Chemical antidote, strength 3 of 3.<br/>Use: severe chemical poisoning from toxic gas.<br/>Lasts: 3 min<br/>Warning: Very high toxicity (1.1 per dose). One dose can trigger overdose symptoms.<br/>EXP 08/2018","ANTICHEM<br/>Auto-injector, single dose. Press against skin. No syringe needed.<br/>What: Chemical antidote, strength 3 of 3.<br/>Use: severe chemical poisoning from toxic gas.<br/>Lasts: 3 min<br/>Warning: Very high toxicity (1.1 per dose). One dose can trigger overdose symptoms.<br/>EXP 08/2018","ANTICHEM<br/>Auto-injector, single dose. Press against skin. No syringe needed.<br/>What: Chemical antidote, strength 3 of 3.<br/>Use: severe chemical poisoning from toxic gas.<br/>Lasts: 3 min<br/>Warning: Very high toxicity (1.1 per dose). One dose can trigger overdose symptoms.<br/>EXP 08/2018",
"STR_MEDLBL_TERJEINJECTORZIVIROL","ZIVIROL (EXPERIMENTAL)<br/>Auto-injector, single dose. Press against skin. No syringe needed.<br/>What: Zombie virus antidote.<br/>Use: an active zombie virus infection at any stage.<br/>Lasts: 20 min<br/>Warning: DANGER: toxicity 2.5 per dose. Overdose is near certain. Side effects on injection: -20 health, -10 blood, knocks you unconscious. Have a friend nearby.<br/>EXP UNKNOWN","ZIVIROL (EXPERIMENTAL)<br/>Auto-injector, single dose. Press against skin. No syringe needed.<br/>What: Zombie virus antidote.<br/>Use: an active zombie virus infection at any stage.<br/>Lasts: 20 min<br/>Warning: DANGER: toxicity 2.5 per dose. Overdose is near certain. Side effects on injection: -20 health, -10 blood, knocks you unconscious. Have a friend nearby.<br/>EXP UNKNOWN","ZIVIROL (EXPERIMENTAL)<br/>Auto-injector, single dose. Press against skin. No syringe needed.<br/>What: Zombie virus antidote.<br/>Use: an active zombie virus infection at any stage.<br/>Lasts: 20 min<br/>Warning: DANGER: toxicity 2.5 per dose. Overdose is near certain. Side effects on injection: -20 health, -10 blood, knocks you unconscious. Have a friend nearby.<br/>EXP UNKNOWN","ZIVIROL (EXPERIMENTAL)<br/>Auto-injector, single dose. Press against skin. No syringe needed.<br/>What: Zombie virus antidote.<br/>Use: an active zombie virus infection at any stage.<br/>Lasts: 20 min<br/>Warning: DANGER: toxicity 2.5 per dose. Overdose is near certain. Side effects on injection: -20 health, -10 blood, knocks you unconscious. Have a friend nearby.<br/>EXP UNKNOWN","ZIVIROL (EXPERIMENTAL)<br/>Auto-injector, single dose. Press against skin. No syringe needed.<br/>What: Zombie virus antidote.<br/>Use: an active zombie virus infection at any stage.<br/>Lasts: 20 min<br/>Warning: DANGER: toxicity 2.5 per dose. Overdose is near certain. Side effects on injection: -20 health, -10 blood, knocks you unconscious. Have a friend nearby.<br/>EXP UNKNOWN","ZIVIROL (EXPERIMENTAL)<br/>Auto-injector, single dose. Press against skin. No syringe needed.<br/>What: Zombie virus antidote.<br/>Use: an active zombie virus infection at any stage.<br/>Lasts: 20 min<br/>Warning: DANGER: toxicity 2.5 per dose. Overdose is near certain. Side effects on injection: -20 health, -10 blood, knocks you unconscious. Have a friend nearby.<br/>EXP UNKNOWN","ZIVIROL (EXPERIMENTAL)<br/>Auto-injector, single dose. Press against skin. No syringe needed.<br/>What: Zombie virus antidote.<br/>Use: an active zombie virus infection at any stage.<br/>Lasts: 20 min<br/>Warning: DANGER: toxicity 2.5 per dose. Overdose is near certain. Side effects on injection: -20 health, -10 blood, knocks you unconscious. Have a friend nearby.<br/>EXP UNKNOWN","ZIVIROL (EXPERIMENTAL)<br/>Auto-injector, single dose. Press against skin. No syringe needed.<br/>What: Zombie virus antidote.<br/>Use: an active zombie virus infection at any stage.<br/>Lasts: 20 min<br/>Warning: DANGER: toxicity 2.5 per dose. Overdose is near certain. Side effects on injection: -20 health, -10 blood, knocks you unconscious. Have a friend nearby.<br/>EXP UNKNOWN","ZIVIROL (EXPERIMENTAL)<br/>Auto-injector, single dose. Press against skin. No syringe needed.<br/>What: Zombie virus antidote.<br/>Use: an active zombie virus infection at any stage.<br/>Lasts: 20 min<br/>Warning: DANGER: toxicity 2.5 per dose. Overdose is near certain. Side effects on injection: -20 health, -10 blood, knocks you unconscious. Have a friend nearby.<br/>EXP UNKNOWN","ZIVIROL (EXPERIMENTAL)<br/>Auto-injector, single dose. Press against skin. No syringe needed.<br/>What: Zombie virus antidote.<br/>Use: an active zombie virus infection at any stage.<br/>Lasts: 20 min<br/>Warning: DANGER: toxicity 2.5 per dose. Overdose is near certain. Side effects on injection: -20 health, -10 blood, knocks you unconscious. Have a friend nearby.<br/>EXP UNKNOWN","ZIVIROL (EXPERIMENTAL)<br/>Auto-injector, single dose. Press against skin. No syringe needed.<br/>What: Zombie virus antidote.<br/>Use: an active zombie virus infection at any stage.<br/>Lasts: 20 min<br/>Warning: DANGER: toxicity 2.5 per dose. Overdose is near certain. Side effects on injection: -20 health, -10 blood, knocks you unconscious. Have a friend nearby.<br/>EXP UNKNOWN","ZIVIROL (EXPERIMENTAL)<br/>Auto-injector, single dose. Press against skin. No syringe needed.<br/>What: Zombie virus antidote.<br/>Use: an active zombie virus infection at any stage.<br/>Lasts: 20 min<br/>Warning: DANGER: toxicity 2.5 per dose. Overdose is near certain. Side effects on injection: -20 health, -10 blood, knocks you unconscious. Have a friend nearby.<br/>EXP UNKNOWN","ZIVIROL (EXPERIMENTAL)<br/>Auto-injector, single dose. Press against skin. No syringe needed.<br/>What: Zombie virus antidote.<br/>Use: an active zombie virus infection at any stage.<br/>Lasts: 20 min<br/>Warning: DANGER: toxicity 2.5 per dose. Overdose is near certain. Side effects on injection: -20 health, -10 blood, knocks you unconscious. Have a friend nearby.<br/>EXP UNKNOWN","ZIVIROL (EXPERIMENTAL)<br/>Auto-injector, single dose. Press against skin. No syringe needed.<br/>What: Zombie virus antidote.<br/>Use: an active zombie virus infection at any stage.<br/>Lasts: 20 min<br/>Warning: DANGER: toxicity 2.5 per dose. Overdose is near certain. Side effects on injection: -20 health, -10 blood, knocks you unconscious. Have a friend nearby.<br/>EXP UNKNOWN",
"STR_MEDLBL_TERJEINJECTORAMOXICLAV","AMOXICLAV<br/>Auto-injector, single dose. Press against skin. No syringe needed.<br/>What: Antibiotic, strength 3 of 3. Also treats sepsis.<br/>Use: severe pneumonia and infected wounds (sepsis).<br/>Lasts: 30 min antibiotic, 5 min sepsis<br/>Warning: Moderate toxicity (0.6 per dose). Do not stack doses.<br/>EXP 03/2021","AMOXICLAV<br/>Auto-injector, single dose. Press against skin. No syringe needed.<br/>What: Antibiotic, strength 3 of 3. Also treats sepsis.<br/>Use: severe pneumonia and infected wounds (sepsis).<br/>Lasts: 30 min antibiotic, 5 min sepsis<br/>Warning: Moderate toxicity (0.6 per dose). Do not stack doses.<br/>EXP 03/2021","AMOXICLAV<br/>Auto-injector, single dose. Press against skin. No syringe needed.<br/>What: Antibiotic, strength 3 of 3. Also treats sepsis.<br/>Use: severe pneumonia and infected wounds (sepsis).<br/>Lasts: 30 min antibiotic, 5 min sepsis<br/>Warning: Moderate toxicity (0.6 per dose). Do not stack doses.<br/>EXP 03/2021","AMOXICLAV<br/>Auto-injector, single dose. Press against skin. No syringe needed.<br/>What: Antibiotic, strength 3 of 3. Also treats sepsis.<br/>Use: severe pneumonia and infected wounds (sepsis).<br/>Lasts: 30 min antibiotic, 5 min sepsis<br/>Warning: Moderate toxicity (0.6 per dose). Do not stack doses.<br/>EXP 03/2021","AMOXICLAV<br/>Auto-injector, single dose. Press against skin. No syringe needed.<br/>What: Antibiotic, strength 3 of 3. Also treats sepsis.<br/>Use: severe pneumonia and infected wounds (sepsis).<br/>Lasts: 30 min antibiotic, 5 min sepsis<br/>Warning: Moderate toxicity (0.6 per dose). Do not stack doses.<br/>EXP 03/2021","AMOXICLAV<br/>Auto-injector, single dose. Press against skin. No syringe needed.<br/>What: Antibiotic, strength 3 of 3. Also treats sepsis.<br/>Use: severe pneumonia and infected wounds (sepsis).<br/>Lasts: 30 min antibiotic, 5 min sepsis<br/>Warning: Moderate toxicity (0.6 per dose). Do not stack doses.<br/>EXP 03/2021","AMOXICLAV<br/>Auto-injector, single dose. Press against skin. No syringe needed.<br/>What: Antibiotic, strength 3 of 3. Also treats sepsis.<br/>Use: severe pneumonia and infected wounds (sepsis).<br/>Lasts: 30 min antibiotic, 5 min sepsis<br/>Warning: Moderate toxicity (0.6 per dose). Do not stack doses.<br/>EXP 03/2021","AMOXICLAV<br/>Auto-injector, single dose. Press against skin. No syringe needed.<br/>What: Antibiotic, strength 3 of 3. Also treats sepsis.<br/>Use: severe pneumonia and infected wounds (sepsis).<br/>Lasts: 30 min antibiotic, 5 min sepsis<br/>Warning: Moderate toxicity (0.6 per dose). Do not stack doses.<br/>EXP 03/2021","AMOXICLAV<br/>Auto-injector, single dose. Press against skin. No syringe needed.<br/>What: Antibiotic, strength 3 of 3. Also treats sepsis.<br/>Use: severe pneumonia and infected wounds (sepsis).<br/>Lasts: 30 min antibiotic, 5 min sepsis<br/>Warning: Moderate toxicity (0.6 per dose). Do not stack doses.<br/>EXP 03/2021","AMOXICLAV<br/>Auto-injector, single dose. Press against skin. No syringe needed.<br/>What: Antibiotic, strength 3 of 3. Also treats sepsis.<br/>Use: severe pneumonia and infected wounds (sepsis).<br/>Lasts: 30 min antibiotic, 5 min sepsis<br/>Warning: Moderate toxicity (0.6 per dose). Do not stack doses.<br/>EXP 03/2021","AMOXICLAV<br/>Auto-injector, single dose. Press against skin. No syringe needed.<br/>What: Antibiotic, strength 3 of 3. Also treats sepsis.<br/>Use: severe pneumonia and infected wounds (sepsis).<br/>Lasts: 30 min antibiotic, 5 min sepsis<br/>Warning: Moderate toxicity (0.6 per dose). Do not stack doses.<br/>EXP 03/2021","AMOXICLAV<br/>Auto-injector, single dose. Press against skin. No syringe needed.<br/>What: Antibiotic, strength 3 of 3. Also treats sepsis.<br/>Use: severe pneumonia and infected wounds (sepsis).<br/>Lasts: 30 min antibiotic, 5 min sepsis<br/>Warning: Moderate toxicity (0.6 per dose). Do not stack doses.<br/>EXP 03/2021","AMOXICLAV<br/>Auto-injector, single dose. Press against skin. No syringe needed.<br/>What: Antibiotic, strength 3 of 3. Also treats sepsis.<br/>Use: severe pneumonia and infected wounds (sepsis).<br/>Lasts: 30 min antibiotic, 5 min sepsis<br/>Warning: Moderate toxicity (0.6 per dose). Do not stack doses.<br/>EXP 03/2021","AMOXICLAV<br/>Auto-injector, single dose. Press against skin. No syringe needed.<br/>What: Antibiotic, strength 3 of 3. Also treats sepsis.<br/>Use: severe pneumonia and infected wounds (sepsis).<br/>Lasts: 30 min antibiotic, 5 min sepsis<br/>Warning: Moderate toxicity (0.6 per dose). Do not stack doses.<br/>EXP 03/2021",
"STR_MEDLBL_TERJEINJECTORTOPOIZOMERAZA","TOPOISOMERASE<br/>Auto-injector, single dose. Press against skin. No syringe needed.<br/>What: Antibiotic, strength 3 of 3. Also treats sepsis.<br/>Use: severe pneumonia and infected wounds (sepsis).<br/>Lasts: 15 min antibiotic, 10 min sepsis<br/>Warning: High toxicity (0.65 per dose). Repeat doses risk overdose.<br/>EXP 11/2020","TOPOISOMERASE<br/>Auto-injector, single dose. Press against skin. No syringe needed.<br/>What: Antibiotic, strength 3 of 3. Also treats sepsis.<br/>Use: severe pneumonia and infected wounds (sepsis).<br/>Lasts: 15 min antibiotic, 10 min sepsis<br/>Warning: High toxicity (0.65 per dose). Repeat doses risk overdose.<br/>EXP 11/2020","TOPOISOMERASE<br/>Auto-injector, single dose. Press against skin. No syringe needed.<br/>What: Antibiotic, strength 3 of 3. Also treats sepsis.<br/>Use: severe pneumonia and infected wounds (sepsis).<br/>Lasts: 15 min antibiotic, 10 min sepsis<br/>Warning: High toxicity (0.65 per dose). Repeat doses risk overdose.<br/>EXP 11/2020","TOPOISOMERASE<br/>Auto-injector, single dose. Press against skin. No syringe needed.<br/>What: Antibiotic, strength 3 of 3. Also treats sepsis.<br/>Use: severe pneumonia and infected wounds (sepsis).<br/>Lasts: 15 min antibiotic, 10 min sepsis<br/>Warning: High toxicity (0.65 per dose). Repeat doses risk overdose.<br/>EXP 11/2020","TOPOISOMERASE<br/>Auto-injector, single dose. Press against skin. No syringe needed.<br/>What: Antibiotic, strength 3 of 3. Also treats sepsis.<br/>Use: severe pneumonia and infected wounds (sepsis).<br/>Lasts: 15 min antibiotic, 10 min sepsis<br/>Warning: High toxicity (0.65 per dose). Repeat doses risk overdose.<br/>EXP 11/2020","TOPOISOMERASE<br/>Auto-injector, single dose. Press against skin. No syringe needed.<br/>What: Antibiotic, strength 3 of 3. Also treats sepsis.<br/>Use: severe pneumonia and infected wounds (sepsis).<br/>Lasts: 15 min antibiotic, 10 min sepsis<br/>Warning: High toxicity (0.65 per dose). Repeat doses risk overdose.<br/>EXP 11/2020","TOPOISOMERASE<br/>Auto-injector, single dose. Press against skin. No syringe needed.<br/>What: Antibiotic, strength 3 of 3. Also treats sepsis.<br/>Use: severe pneumonia and infected wounds (sepsis).<br/>Lasts: 15 min antibiotic, 10 min sepsis<br/>Warning: High toxicity (0.65 per dose). Repeat doses risk overdose.<br/>EXP 11/2020","TOPOISOMERASE<br/>Auto-injector, single dose. Press against skin. No syringe needed.<br/>What: Antibiotic, strength 3 of 3. Also treats sepsis.<br/>Use: severe pneumonia and infected wounds (sepsis).<br/>Lasts: 15 min antibiotic, 10 min sepsis<br/>Warning: High toxicity (0.65 per dose). Repeat doses risk overdose.<br/>EXP 11/2020","TOPOISOMERASE<br/>Auto-injector, single dose. Press against skin. No syringe needed.<br/>What: Antibiotic, strength 3 of 3. Also treats sepsis.<br/>Use: severe pneumonia and infected wounds (sepsis).<br/>Lasts: 15 min antibiotic, 10 min sepsis<br/>Warning: High toxicity (0.65 per dose). Repeat doses risk overdose.<br/>EXP 11/2020","TOPOISOMERASE<br/>Auto-injector, single dose. Press against skin. No syringe needed.<br/>What: Antibiotic, strength 3 of 3. Also treats sepsis.<br/>Use: severe pneumonia and infected wounds (sepsis).<br/>Lasts: 15 min antibiotic, 10 min sepsis<br/>Warning: High toxicity (0.65 per dose). Repeat doses risk overdose.<br/>EXP 11/2020","TOPOISOMERASE<br/>Auto-injector, single dose. Press against skin. No syringe needed.<br/>What: Antibiotic, strength 3 of 3. Also treats sepsis.<br/>Use: severe pneumonia and infected wounds (sepsis).<br/>Lasts: 15 min antibiotic, 10 min sepsis<br/>Warning: High toxicity (0.65 per dose). Repeat doses risk overdose.<br/>EXP 11/2020","TOPOISOMERASE<br/>Auto-injector, single dose. Press against skin. No syringe needed.<br/>What: Antibiotic, strength 3 of 3. Also treats sepsis.<br/>Use: severe pneumonia and infected wounds (sepsis).<br/>Lasts: 15 min antibiotic, 10 min sepsis<br/>Warning: High toxicity (0.65 per dose). Repeat doses risk overdose.<br/>EXP 11/2020","TOPOISOMERASE<br/>Auto-injector, single dose. Press against skin. No syringe needed.<br/>What: Antibiotic, strength 3 of 3. Also treats sepsis.<br/>Use: severe pneumonia and infected wounds (sepsis).<br/>Lasts: 15 min antibiotic, 10 min sepsis<br/>Warning: High toxicity (0.65 per dose). Repeat doses risk overdose.<br/>EXP 11/2020","TOPOISOMERASE<br/>Auto-injector, single dose. Press against skin. No syringe needed.<br/>What: Antibiotic, strength 3 of 3. Also treats sepsis.<br/>Use: severe pneumonia and infected wounds (sepsis).<br/>Lasts: 15 min antibiotic, 10 min sepsis<br/>Warning: High toxicity (0.65 per dose). Repeat doses risk overdose.<br/>EXP 11/2020",
"STR_MEDLBL_TERJEINJECTORNEIROX","NEIROX<br/>Auto-injector, single dose. Press against skin. No syringe needed.<br/>What: Concussion treatment.<br/>Use: headache, dizziness and blurred vision after head trauma.<br/>Lasts: ~8 min<br/>Warning: Low toxicity (0.3 per dose). Safe if spaced out.<br/>EXP 06/2021","NEIROX<br/>Auto-injector, single dose. Press against skin. No syringe needed.<br/>What: Concussion treatment.<br/>Use: headache, dizziness and blurred vision after head trauma.<br/>Lasts: ~8 min<br/>Warning: Low toxicity (0.3 per dose). Safe if spaced out.<br/>EXP 06/2021","NEIROX<br/>Auto-injector, single dose. Press against skin. No syringe needed.<br/>What: Concussion treatment.<br/>Use: headache, dizziness and blurred vision after head trauma.<br/>Lasts: ~8 min<br/>Warning: Low toxicity (0.3 per dose). Safe if spaced out.<br/>EXP 06/2021","NEIROX<br/>Auto-injector, single dose. Press against skin. No syringe needed.<br/>What: Concussion treatment.<br/>Use: headache, dizziness and blurred vision after head trauma.<br/>Lasts: ~8 min<br/>Warning: Low toxicity (0.3 per dose). Safe if spaced out.<br/>EXP 06/2021","NEIROX<br/>Auto-injector, single dose. Press against skin. No syringe needed.<br/>What: Concussion treatment.<br/>Use: headache, dizziness and blurred vision after head trauma.<br/>Lasts: ~8 min<br/>Warning: Low toxicity (0.3 per dose). Safe if spaced out.<br/>EXP 06/2021","NEIROX<br/>Auto-injector, single dose. Press against skin. No syringe needed.<br/>What: Concussion treatment.<br/>Use: headache, dizziness and blurred vision after head trauma.<br/>Lasts: ~8 min<br/>Warning: Low toxicity (0.3 per dose). Safe if spaced out.<br/>EXP 06/2021","NEIROX<br/>Auto-injector, single dose. Press against skin. No syringe needed.<br/>What: Concussion treatment.<br/>Use: headache, dizziness and blurred vision after head trauma.<br/>Lasts: ~8 min<br/>Warning: Low toxicity (0.3 per dose). Safe if spaced out.<br/>EXP 06/2021","NEIROX<br/>Auto-injector, single dose. Press against skin. No syringe needed.<br/>What: Concussion treatment.<br/>Use: headache, dizziness and blurred vision after head trauma.<br/>Lasts: ~8 min<br/>Warning: Low toxicity (0.3 per dose). Safe if spaced out.<br/>EXP 06/2021","NEIROX<br/>Auto-injector, single dose. Press against skin. No syringe needed.<br/>What: Concussion treatment.<br/>Use: headache, dizziness and blurred vision after head trauma.<br/>Lasts: ~8 min<br/>Warning: Low toxicity (0.3 per dose). Safe if spaced out.<br/>EXP 06/2021","NEIROX<br/>Auto-injector, single dose. Press against skin. No syringe needed.<br/>What: Concussion treatment.<br/>Use: headache, dizziness and blurred vision after head trauma.<br/>Lasts: ~8 min<br/>Warning: Low toxicity (0.3 per dose). Safe if spaced out.<br/>EXP 06/2021","NEIROX<br/>Auto-injector, single dose. Press against skin. No syringe needed.<br/>What: Concussion treatment.<br/>Use: headache, dizziness and blurred vision after head trauma.<br/>Lasts: ~8 min<br/>Warning: Low toxicity (0.3 per dose). Safe if spaced out.<br/>EXP 06/2021","NEIROX<br/>Auto-injector, single dose. Press against skin. No syringe needed.<br/>What: Concussion treatment.<br/>Use: headache, dizziness and blurred vision after head trauma.<br/>Lasts: ~8 min<br/>Warning: Low toxicity (0.3 per dose). Safe if spaced out.<br/>EXP 06/2021","NEIROX<br/>Auto-injector, single dose. Press against skin. No syringe needed.<br/>What: Concussion treatment.<br/>Use: headache, dizziness and blurred vision after head trauma.<br/>Lasts: ~8 min<br/>Warning: Low toxicity (0.3 per dose). Safe if spaced out.<br/>EXP 06/2021","NEIROX<br/>Auto-injector, single dose. Press against skin. No syringe needed.<br/>What: Concussion treatment.<br/>Use: headache, dizziness and blurred vision after head trauma.<br/>Lasts: ~8 min<br/>Warning: Low toxicity (0.3 per dose). Safe if spaced out.<br/>EXP 06/2021",
"STR_MEDLBL_TERJEINJECTORERYTHROPOIETIN","ERYTHROPOIETIN<br/>Auto-injector, single dose. Press against skin. No syringe needed.<br/>What: Blood regeneration, strength 1.<br/>Use: faster blood recovery after bleeding.<br/>Lasts: 15 min<br/>Warning: Moderate toxicity (0.4 per dose). Do not stack doses.<br/>EXP 01/2022","ERYTHROPOIETIN<br/>Auto-injector, single dose. Press against skin. No syringe needed.<br/>What: Blood regeneration, strength 1.<br/>Use: faster blood recovery after bleeding.<br/>Lasts: 15 min<br/>Warning: Moderate toxicity (0.4 per dose). Do not stack doses.<br/>EXP 01/2022","ERYTHROPOIETIN<br/>Auto-injector, single dose. Press against skin. No syringe needed.<br/>What: Blood regeneration, strength 1.<br/>Use: faster blood recovery after bleeding.<br/>Lasts: 15 min<br/>Warning: Moderate toxicity (0.4 per dose). Do not stack doses.<br/>EXP 01/2022","ERYTHROPOIETIN<br/>Auto-injector, single dose. Press against skin. No syringe needed.<br/>What: Blood regeneration, strength 1.<br/>Use: faster blood recovery after bleeding.<br/>Lasts: 15 min<br/>Warning: Moderate toxicity (0.4 per dose). Do not stack doses.<br/>EXP 01/2022","ERYTHROPOIETIN<br/>Auto-injector, single dose. Press against skin. No syringe needed.<br/>What: Blood regeneration, strength 1.<br/>Use: faster blood recovery after bleeding.<br/>Lasts: 15 min<br/>Warning: Moderate toxicity (0.4 per dose). Do not stack doses.<br/>EXP 01/2022","ERYTHROPOIETIN<br/>Auto-injector, single dose. Press against skin. No syringe needed.<br/>What: Blood regeneration, strength 1.<br/>Use: faster blood recovery after bleeding.<br/>Lasts: 15 min<br/>Warning: Moderate toxicity (0.4 per dose). Do not stack doses.<br/>EXP 01/2022","ERYTHROPOIETIN<br/>Auto-injector, single dose. Press against skin. No syringe needed.<br/>What: Blood regeneration, strength 1.<br/>Use: faster blood recovery after bleeding.<br/>Lasts: 15 min<br/>Warning: Moderate toxicity (0.4 per dose). Do not stack doses.<br/>EXP 01/2022","ERYTHROPOIETIN<br/>Auto-injector, single dose. Press against skin. No syringe needed.<br/>What: Blood regeneration, strength 1.<br/>Use: faster blood recovery after bleeding.<br/>Lasts: 15 min<br/>Warning: Moderate toxicity (0.4 per dose). Do not stack doses.<br/>EXP 01/2022","ERYTHROPOIETIN<br/>Auto-injector, single dose. Press against skin. No syringe needed.<br/>What: Blood regeneration, strength 1.<br/>Use: faster blood recovery after bleeding.<br/>Lasts: 15 min<br/>Warning: Moderate toxicity (0.4 per dose). Do not stack doses.<br/>EXP 01/2022","ERYTHROPOIETIN<br/>Auto-injector, single dose. Press against skin. No syringe needed.<br/>What: Blood regeneration, strength 1.<br/>Use: faster blood recovery after bleeding.<br/>Lasts: 15 min<br/>Warning: Moderate toxicity (0.4 per dose). Do not stack doses.<br/>EXP 01/2022","ERYTHROPOIETIN<br/>Auto-injector, single dose. Press against skin. No syringe needed.<br/>What: Blood regeneration, strength 1.<br/>Use: faster blood recovery after bleeding.<br/>Lasts: 15 min<br/>Warning: Moderate toxicity (0.4 per dose). Do not stack doses.<br/>EXP 01/2022","ERYTHROPOIETIN<br/>Auto-injector, single dose. Press against skin. No syringe needed.<br/>What: Blood regeneration, strength 1.<br/>Use: faster blood recovery after bleeding.<br/>Lasts: 15 min<br/>Warning: Moderate toxicity (0.4 per dose). Do not stack doses.<br/>EXP 01/2022","ERYTHROPOIETIN<br/>Auto-injector, single dose. Press against skin. No syringe needed.<br/>What: Blood regeneration, strength 1.<br/>Use: faster blood recovery after bleeding.<br/>Lasts: 15 min<br/>Warning: Moderate toxicity (0.4 per dose). Do not stack doses.<br/>EXP 01/2022","ERYTHROPOIETIN<br/>Auto-injector, single dose. Press against skin. No syringe needed.<br/>What: Blood regeneration, strength 1.<br/>Use: faster blood recovery after bleeding.<br/>Lasts: 15 min<br/>Warning: Moderate toxicity (0.4 per dose). Do not stack doses.<br/>EXP 01/2022",
"STR_MEDLBL_TERJEINJECTORERYTROMIXELIN","ERYTROMIXELIN<br/>Auto-injector, single dose. Press against skin. No syringe needed.<br/>What: Hemostatic strength 3 plus blood regeneration strength 2.<br/>Use: heavy bleeding: slows blood loss and rebuilds blood.<br/>Lasts: 5 min clotting, ~2 min regeneration<br/>Warning: Moderate toxicity (0.32 per dose). Do not stack doses.<br/>EXP 07/2021","ERYTROMIXELIN<br/>Auto-injector, single dose. Press against skin. No syringe needed.<br/>What: Hemostatic strength 3 plus blood regeneration strength 2.<br/>Use: heavy bleeding: slows blood loss and rebuilds blood.<br/>Lasts: 5 min clotting, ~2 min regeneration<br/>Warning: Moderate toxicity (0.32 per dose). Do not stack doses.<br/>EXP 07/2021","ERYTROMIXELIN<br/>Auto-injector, single dose. Press against skin. No syringe needed.<br/>What: Hemostatic strength 3 plus blood regeneration strength 2.<br/>Use: heavy bleeding: slows blood loss and rebuilds blood.<br/>Lasts: 5 min clotting, ~2 min regeneration<br/>Warning: Moderate toxicity (0.32 per dose). Do not stack doses.<br/>EXP 07/2021","ERYTROMIXELIN<br/>Auto-injector, single dose. Press against skin. No syringe needed.<br/>What: Hemostatic strength 3 plus blood regeneration strength 2.<br/>Use: heavy bleeding: slows blood loss and rebuilds blood.<br/>Lasts: 5 min clotting, ~2 min regeneration<br/>Warning: Moderate toxicity (0.32 per dose). Do not stack doses.<br/>EXP 07/2021","ERYTROMIXELIN<br/>Auto-injector, single dose. Press against skin. No syringe needed.<br/>What: Hemostatic strength 3 plus blood regeneration strength 2.<br/>Use: heavy bleeding: slows blood loss and rebuilds blood.<br/>Lasts: 5 min clotting, ~2 min regeneration<br/>Warning: Moderate toxicity (0.32 per dose). Do not stack doses.<br/>EXP 07/2021","ERYTROMIXELIN<br/>Auto-injector, single dose. Press against skin. No syringe needed.<br/>What: Hemostatic strength 3 plus blood regeneration strength 2.<br/>Use: heavy bleeding: slows blood loss and rebuilds blood.<br/>Lasts: 5 min clotting, ~2 min regeneration<br/>Warning: Moderate toxicity (0.32 per dose). Do not stack doses.<br/>EXP 07/2021","ERYTROMIXELIN<br/>Auto-injector, single dose. Press against skin. No syringe needed.<br/>What: Hemostatic strength 3 plus blood regeneration strength 2.<br/>Use: heavy bleeding: slows blood loss and rebuilds blood.<br/>Lasts: 5 min clotting, ~2 min regeneration<br/>Warning: Moderate toxicity (0.32 per dose). Do not stack doses.<br/>EXP 07/2021","ERYTROMIXELIN<br/>Auto-injector, single dose. Press against skin. No syringe needed.<br/>What: Hemostatic strength 3 plus blood regeneration strength 2.<br/>Use: heavy bleeding: slows blood loss and rebuilds blood.<br/>Lasts: 5 min clotting, ~2 min regeneration<br/>Warning: Moderate toxicity (0.32 per dose). Do not stack doses.<br/>EXP 07/2021","ERYTROMIXELIN<br/>Auto-injector, single dose. Press against skin. No syringe needed.<br/>What: Hemostatic strength 3 plus blood regeneration strength 2.<br/>Use: heavy bleeding: slows blood loss and rebuilds blood.<br/>Lasts: 5 min clotting, ~2 min regeneration<br/>Warning: Moderate toxicity (0.32 per dose). Do not stack doses.<br/>EXP 07/2021","ERYTROMIXELIN<br/>Auto-injector, single dose. Press against skin. No syringe needed.<br/>What: Hemostatic strength 3 plus blood regeneration strength 2.<br/>Use: heavy bleeding: slows blood loss and rebuilds blood.<br/>Lasts: 5 min clotting, ~2 min regeneration<br/>Warning: Moderate toxicity (0.32 per dose). Do not stack doses.<br/>EXP 07/2021","ERYTROMIXELIN<br/>Auto-injector, single dose. Press against skin. No syringe needed.<br/>What: Hemostatic strength 3 plus blood regeneration strength 2.<br/>Use: heavy bleeding: slows blood loss and rebuilds blood.<br/>Lasts: 5 min clotting, ~2 min regeneration<br/>Warning: Moderate toxicity (0.32 per dose). Do not stack doses.<br/>EXP 07/2021","ERYTROMIXELIN<br/>Auto-injector, single dose. Press against skin. No syringe needed.<br/>What: Hemostatic strength 3 plus blood regeneration strength 2.<br/>Use: heavy bleeding: slows blood loss and rebuilds blood.<br/>Lasts: 5 min clotting, ~2 min regeneration<br/>Warning: Moderate toxicity (0.32 per dose). Do not stack doses.<br/>EXP 07/2021","ERYTROMIXELIN<br/>Auto-injector, single dose. Press against skin. No syringe needed.<br/>What: Hemostatic strength 3 plus blood regeneration strength 2.<br/>Use: heavy bleeding: slows blood loss and rebuilds blood.<br/>Lasts: 5 min clotting, ~2 min regeneration<br/>Warning: Moderate toxicity (0.32 per dose). Do not stack doses.<br/>EXP 07/2021","ERYTROMIXELIN<br/>Auto-injector, single dose. Press against skin. No syringe needed.<br/>What: Hemostatic strength 3 plus blood regeneration strength 2.<br/>Use: heavy bleeding: slows blood loss and rebuilds blood.<br/>Lasts: 5 min clotting, ~2 min regeneration<br/>Warning: Moderate toxicity (0.32 per dose). Do not stack doses.<br/>EXP 07/2021",
"STR_MEDLBL_TERJEINJECTORPROMIDOL","PROMIDOL<br/>Auto-injector, single dose. Press against skin. No syringe needed.<br/>What: Opioid painkiller, strength 3 of 3.<br/>Use: severe pain from gunshot wounds and surgery.<br/>Lasts: 10 min<br/>Warning: Moderate toxicity (0.45 per dose). Do not stack doses.<br/>EXP 10/2020","PROMIDOL<br/>Auto-injector, single dose. Press against skin. No syringe needed.<br/>What: Opioid painkiller, strength 3 of 3.<br/>Use: severe pain from gunshot wounds and surgery.<br/>Lasts: 10 min<br/>Warning: Moderate toxicity (0.45 per dose). Do not stack doses.<br/>EXP 10/2020","PROMIDOL<br/>Auto-injector, single dose. Press against skin. No syringe needed.<br/>What: Opioid painkiller, strength 3 of 3.<br/>Use: severe pain from gunshot wounds and surgery.<br/>Lasts: 10 min<br/>Warning: Moderate toxicity (0.45 per dose). Do not stack doses.<br/>EXP 10/2020","PROMIDOL<br/>Auto-injector, single dose. Press against skin. No syringe needed.<br/>What: Opioid painkiller, strength 3 of 3.<br/>Use: severe pain from gunshot wounds and surgery.<br/>Lasts: 10 min<br/>Warning: Moderate toxicity (0.45 per dose). Do not stack doses.<br/>EXP 10/2020","PROMIDOL<br/>Auto-injector, single dose. Press against skin. No syringe needed.<br/>What: Opioid painkiller, strength 3 of 3.<br/>Use: severe pain from gunshot wounds and surgery.<br/>Lasts: 10 min<br/>Warning: Moderate toxicity (0.45 per dose). Do not stack doses.<br/>EXP 10/2020","PROMIDOL<br/>Auto-injector, single dose. Press against skin. No syringe needed.<br/>What: Opioid painkiller, strength 3 of 3.<br/>Use: severe pain from gunshot wounds and surgery.<br/>Lasts: 10 min<br/>Warning: Moderate toxicity (0.45 per dose). Do not stack doses.<br/>EXP 10/2020","PROMIDOL<br/>Auto-injector, single dose. Press against skin. No syringe needed.<br/>What: Opioid painkiller, strength 3 of 3.<br/>Use: severe pain from gunshot wounds and surgery.<br/>Lasts: 10 min<br/>Warning: Moderate toxicity (0.45 per dose). Do not stack doses.<br/>EXP 10/2020","PROMIDOL<br/>Auto-injector, single dose. Press against skin. No syringe needed.<br/>What: Opioid painkiller, strength 3 of 3.<br/>Use: severe pain from gunshot wounds and surgery.<br/>Lasts: 10 min<br/>Warning: Moderate toxicity (0.45 per dose). Do not stack doses.<br/>EXP 10/2020","PROMIDOL<br/>Auto-injector, single dose. Press against skin. No syringe needed.<br/>What: Opioid painkiller, strength 3 of 3.<br/>Use: severe pain from gunshot wounds and surgery.<br/>Lasts: 10 min<br/>Warning: Moderate toxicity (0.45 per dose). Do not stack doses.<br/>EXP 10/2020","PROMIDOL<br/>Auto-injector, single dose. Press against skin. No syringe needed.<br/>What: Opioid painkiller, strength 3 of 3.<br/>Use: severe pain from gunshot wounds and surgery.<br/>Lasts: 10 min<br/>Warning: Moderate toxicity (0.45 per dose). Do not stack doses.<br/>EXP 10/2020","PROMIDOL<br/>Auto-injector, single dose. Press against skin. No syringe needed.<br/>What: Opioid painkiller, strength 3 of 3.<br/>Use: severe pain from gunshot wounds and surgery.<br/>Lasts: 10 min<br/>Warning: Moderate toxicity (0.45 per dose). Do not stack doses.<br/>EXP 10/2020","PROMIDOL<br/>Auto-injector, single dose. Press against skin. No syringe needed.<br/>What: Opioid painkiller, strength 3 of 3.<br/>Use: severe pain from gunshot wounds and surgery.<br/>Lasts: 10 min<br/>Warning: Moderate toxicity (0.45 per dose). Do not stack doses.<br/>EXP 10/2020","PROMIDOL<br/>Auto-injector, single dose. Press against skin. No syringe needed.<br/>What: Opioid painkiller, strength 3 of 3.<br/>Use: severe pain from gunshot wounds and surgery.<br/>Lasts: 10 min<br/>Warning: Moderate toxicity (0.45 per dose). Do not stack doses.<br/>EXP 10/2020","PROMIDOL<br/>Auto-injector, single dose. Press against skin. No syringe needed.<br/>What: Opioid painkiller, strength 3 of 3.<br/>Use: severe pain from gunshot wounds and surgery.<br/>Lasts: 10 min<br/>Warning: Moderate toxicity (0.45 per dose). Do not stack doses.<br/>EXP 10/2020",
"STR_MEDLBL_TERJEINJECTORPROPITAL","PROPITAL<br/>Auto-injector, single dose. Press against skin. No syringe needed.<br/>What: Painkiller strength 2 of 3 plus rapid health regeneration.<br/>Use: field stabilisation: moderate pain and a quick health boost.<br/>Lasts: 3 min pain, 45 sec regeneration<br/>Warning: High toxicity (0.75 per dose). Repeat doses risk overdose.<br/>EXP 04/2021","PROPITAL<br/>Auto-injector, single dose. Press against skin. No syringe needed.<br/>What: Painkiller strength 2 of 3 plus rapid health regeneration.<br/>Use: field stabilisation: moderate pain and a quick health boost.<br/>Lasts: 3 min pain, 45 sec regeneration<br/>Warning: High toxicity (0.75 per dose). Repeat doses risk overdose.<br/>EXP 04/2021","PROPITAL<br/>Auto-injector, single dose. Press against skin. No syringe needed.<br/>What: Painkiller strength 2 of 3 plus rapid health regeneration.<br/>Use: field stabilisation: moderate pain and a quick health boost.<br/>Lasts: 3 min pain, 45 sec regeneration<br/>Warning: High toxicity (0.75 per dose). Repeat doses risk overdose.<br/>EXP 04/2021","PROPITAL<br/>Auto-injector, single dose. Press against skin. No syringe needed.<br/>What: Painkiller strength 2 of 3 plus rapid health regeneration.<br/>Use: field stabilisation: moderate pain and a quick health boost.<br/>Lasts: 3 min pain, 45 sec regeneration<br/>Warning: High toxicity (0.75 per dose). Repeat doses risk overdose.<br/>EXP 04/2021","PROPITAL<br/>Auto-injector, single dose. Press against skin. No syringe needed.<br/>What: Painkiller strength 2 of 3 plus rapid health regeneration.<br/>Use: field stabilisation: moderate pain and a quick health boost.<br/>Lasts: 3 min pain, 45 sec regeneration<br/>Warning: High toxicity (0.75 per dose). Repeat doses risk overdose.<br/>EXP 04/2021","PROPITAL<br/>Auto-injector, single dose. Press against skin. No syringe needed.<br/>What: Painkiller strength 2 of 3 plus rapid health regeneration.<br/>Use: field stabilisation: moderate pain and a quick health boost.<br/>Lasts: 3 min pain, 45 sec regeneration<br/>Warning: High toxicity (0.75 per dose). Repeat doses risk overdose.<br/>EXP 04/2021","PROPITAL<br/>Auto-injector, single dose. Press against skin. No syringe needed.<br/>What: Painkiller strength 2 of 3 plus rapid health regeneration.<br/>Use: field stabilisation: moderate pain and a quick health boost.<br/>Lasts: 3 min pain, 45 sec regeneration<br/>Warning: High toxicity (0.75 per dose). Repeat doses risk overdose.<br/>EXP 04/2021","PROPITAL<br/>Auto-injector, single dose. Press against skin. No syringe needed.<br/>What: Painkiller strength 2 of 3 plus rapid health regeneration.<br/>Use: field stabilisation: moderate pain and a quick health boost.<br/>Lasts: 3 min pain, 45 sec regeneration<br/>Warning: High toxicity (0.75 per dose). Repeat doses risk overdose.<br/>EXP 04/2021","PROPITAL<br/>Auto-injector, single dose. Press against skin. No syringe needed.<br/>What: Painkiller strength 2 of 3 plus rapid health regeneration.<br/>Use: field stabilisation: moderate pain and a quick health boost.<br/>Lasts: 3 min pain, 45 sec regeneration<br/>Warning: High toxicity (0.75 per dose). Repeat doses risk overdose.<br/>EXP 04/2021","PROPITAL<br/>Auto-injector, single dose. Press against skin. No syringe needed.<br/>What: Painkiller strength 2 of 3 plus rapid health regeneration.<br/>Use: field stabilisation: moderate pain and a quick health boost.<br/>Lasts: 3 min pain, 45 sec regeneration<br/>Warning: High toxicity (0.75 per dose). Repeat doses risk overdose.<br/>EXP 04/2021","PROPITAL<br/>Auto-injector, single dose. Press against skin. No syringe needed.<br/>What: Painkiller strength 2 of 3 plus rapid health regeneration.<br/>Use: field stabilisation: moderate pain and a quick health boost.<br/>Lasts: 3 min pain, 45 sec regeneration<br/>Warning: High toxicity (0.75 per dose). Repeat doses risk overdose.<br/>EXP 04/2021","PROPITAL<br/>Auto-injector, single dose. Press against skin. No syringe needed.<br/>What: Painkiller strength 2 of 3 plus rapid health regeneration.<br/>Use: field stabilisation: moderate pain and a quick health boost.<br/>Lasts: 3 min pain, 45 sec regeneration<br/>Warning: High toxicity (0.75 per dose). Repeat doses risk overdose.<br/>EXP 04/2021","PROPITAL<br/>Auto-injector, single dose. Press against skin. No syringe needed.<br/>What: Painkiller strength 2 of 3 plus rapid health regeneration.<br/>Use: field stabilisation: moderate pain and a quick health boost.<br/>Lasts: 3 min pain, 45 sec regeneration<br/>Warning: High toxicity (0.75 per dose). Repeat doses risk overdose.<br/>EXP 04/2021","PROPITAL<br/>Auto-injector, single dose. Press against skin. No syringe needed.<br/>What: Painkiller strength 2 of 3 plus rapid health regeneration.<br/>Use: field stabilisation: moderate pain and a quick health boost.<br/>Lasts: 3 min pain, 45 sec regeneration<br/>Warning: High toxicity (0.75 per dose). Repeat doses risk overdose.<br/>EXP 04/2021",
"STR_MEDLBL_TERJEINJECTORREANIMATAL","REANIMATAL<br/>Auto-injector, single dose. Press against skin. No syringe needed.<br/>What: Combat stimulant. Painkiller strength 3 of 3 plus health regeneration.<br/>Use: critical patients: strong pain relief, health boost and clears shock.<br/>Lasts: 4 min pain, 3 min regeneration<br/>Warning: Very high toxicity (1.5 per dose). One dose can trigger overdose symptoms. Restores 75 shock.<br/>EXP 12/2021","REANIMATAL<br/>Auto-injector, single dose. Press against skin. No syringe needed.<br/>What: Combat stimulant. Painkiller strength 3 of 3 plus health regeneration.<br/>Use: critical patients: strong pain relief, health boost and clears shock.<br/>Lasts: 4 min pain, 3 min regeneration<br/>Warning: Very high toxicity (1.5 per dose). One dose can trigger overdose symptoms. Restores 75 shock.<br/>EXP 12/2021","REANIMATAL<br/>Auto-injector, single dose. Press against skin. No syringe needed.<br/>What: Combat stimulant. Painkiller strength 3 of 3 plus health regeneration.<br/>Use: critical patients: strong pain relief, health boost and clears shock.<br/>Lasts: 4 min pain, 3 min regeneration<br/>Warning: Very high toxicity (1.5 per dose). One dose can trigger overdose symptoms. Restores 75 shock.<br/>EXP 12/2021","REANIMATAL<br/>Auto-injector, single dose. Press against skin. No syringe needed.<br/>What: Combat stimulant. Painkiller strength 3 of 3 plus health regeneration.<br/>Use: critical patients: strong pain relief, health boost and clears shock.<br/>Lasts: 4 min pain, 3 min regeneration<br/>Warning: Very high toxicity (1.5 per dose). One dose can trigger overdose symptoms. Restores 75 shock.<br/>EXP 12/2021","REANIMATAL<br/>Auto-injector, single dose. Press against skin. No syringe needed.<br/>What: Combat stimulant. Painkiller strength 3 of 3 plus health regeneration.<br/>Use: critical patients: strong pain relief, health boost and clears shock.<br/>Lasts: 4 min pain, 3 min regeneration<br/>Warning: Very high toxicity (1.5 per dose). One dose can trigger overdose symptoms. Restores 75 shock.<br/>EXP 12/2021","REANIMATAL<br/>Auto-injector, single dose. Press against skin. No syringe needed.<br/>What: Combat stimulant. Painkiller strength 3 of 3 plus health regeneration.<br/>Use: critical patients: strong pain relief, health boost and clears shock.<br/>Lasts: 4 min pain, 3 min regeneration<br/>Warning: Very high toxicity (1.5 per dose). One dose can trigger overdose symptoms. Restores 75 shock.<br/>EXP 12/2021","REANIMATAL<br/>Auto-injector, single dose. Press against skin. No syringe needed.<br/>What: Combat stimulant. Painkiller strength 3 of 3 plus health regeneration.<br/>Use: critical patients: strong pain relief, health boost and clears shock.<br/>Lasts: 4 min pain, 3 min regeneration<br/>Warning: Very high toxicity (1.5 per dose). One dose can trigger overdose symptoms. Restores 75 shock.<br/>EXP 12/2021","REANIMATAL<br/>Auto-injector, single dose. Press against skin. No syringe needed.<br/>What: Combat stimulant. Painkiller strength 3 of 3 plus health regeneration.<br/>Use: critical patients: strong pain relief, health boost and clears shock.<br/>Lasts: 4 min pain, 3 min regeneration<br/>Warning: Very high toxicity (1.5 per dose). One dose can trigger overdose symptoms. Restores 75 shock.<br/>EXP 12/2021","REANIMATAL<br/>Auto-injector, single dose. Press against skin. No syringe needed.<br/>What: Combat stimulant. Painkiller strength 3 of 3 plus health regeneration.<br/>Use: critical patients: strong pain relief, health boost and clears shock.<br/>Lasts: 4 min pain, 3 min regeneration<br/>Warning: Very high toxicity (1.5 per dose). One dose can trigger overdose symptoms. Restores 75 shock.<br/>EXP 12/2021","REANIMATAL<br/>Auto-injector, single dose. Press against skin. No syringe needed.<br/>What: Combat stimulant. Painkiller strength 3 of 3 plus health regeneration.<br/>Use: critical patients: strong pain relief, health boost and clears shock.<br/>Lasts: 4 min pain, 3 min regeneration<br/>Warning: Very high toxicity (1.5 per dose). One dose can trigger overdose symptoms. Restores 75 shock.<br/>EXP 12/2021","REANIMATAL<br/>Auto-injector, single dose. Press against skin. No syringe needed.<br/>What: Combat stimulant. Painkiller strength 3 of 3 plus health regeneration.<br/>Use: critical patients: strong pain relief, health boost and clears shock.<br/>Lasts: 4 min pain, 3 min regeneration<br/>Warning: Very high toxicity (1.5 per dose). One dose can trigger overdose symptoms. Restores 75 shock.<br/>EXP 12/2021","REANIMATAL<br/>Auto-injector, single dose. Press against skin. No syringe needed.<br/>What: Combat stimulant. Painkiller strength 3 of 3 plus health regeneration.<br/>Use: critical patients: strong pain relief, health boost and clears shock.<br/>Lasts: 4 min pain, 3 min regeneration<br/>Warning: Very high toxicity (1.5 per dose). One dose can trigger overdose symptoms. Restores 75 shock.<br/>EXP 12/2021","REANIMATAL<br/>Auto-injector, single dose. Press against skin. No syringe needed.<br/>What: Combat stimulant. Painkiller strength 3 of 3 plus health regeneration.<br/>Use: critical patients: strong pain relief, health boost and clears shock.<br/>Lasts: 4 min pain, 3 min regeneration<br/>Warning: Very high toxicity (1.5 per dose). One dose can trigger overdose symptoms. Restores 75 shock.<br/>EXP 12/2021","REANIMATAL<br/>Auto-injector, single dose. Press against skin. No syringe needed.<br/>What: Combat stimulant. Painkiller strength 3 of 3 plus health regeneration.<br/>Use: critical patients: strong pain relief, health boost and clears shock.<br/>Lasts: 4 min pain, 3 min regeneration<br/>Warning: Very high toxicity (1.5 per dose). One dose can trigger overdose symptoms. Restores 75 shock.<br/>EXP 12/2021",
"STR_MEDLBL_TERJEINJECTORSTOMAPROXIDAL","STOMAPROXIDAL<br/>Auto-injector, single dose. Press against skin. No syringe needed.<br/>What: Antipoison, strength 3 of 3.<br/>Use: severe food poisoning.<br/>Lasts: 15 min<br/>Warning: High toxicity (0.68 per dose). Repeat doses risk overdose.<br/>EXP 02/2021","STOMAPROXIDAL<br/>Auto-injector, single dose. Press against skin. No syringe needed.<br/>What: Antipoison, strength 3 of 3.<br/>Use: severe food poisoning.<br/>Lasts: 15 min<br/>Warning: High toxicity (0.68 per dose). Repeat doses risk overdose.<br/>EXP 02/2021","STOMAPROXIDAL<br/>Auto-injector, single dose. Press against skin. No syringe needed.<br/>What: Antipoison, strength 3 of 3.<br/>Use: severe food poisoning.<br/>Lasts: 15 min<br/>Warning: High toxicity (0.68 per dose). Repeat doses risk overdose.<br/>EXP 02/2021","STOMAPROXIDAL<br/>Auto-injector, single dose. Press against skin. No syringe needed.<br/>What: Antipoison, strength 3 of 3.<br/>Use: severe food poisoning.<br/>Lasts: 15 min<br/>Warning: High toxicity (0.68 per dose). Repeat doses risk overdose.<br/>EXP 02/2021","STOMAPROXIDAL<br/>Auto-injector, single dose. Press against skin. No syringe needed.<br/>What: Antipoison, strength 3 of 3.<br/>Use: severe food poisoning.<br/>Lasts: 15 min<br/>Warning: High toxicity (0.68 per dose). Repeat doses risk overdose.<br/>EXP 02/2021","STOMAPROXIDAL<br/>Auto-injector, single dose. Press against skin. No syringe needed.<br/>What: Antipoison, strength 3 of 3.<br/>Use: severe food poisoning.<br/>Lasts: 15 min<br/>Warning: High toxicity (0.68 per dose). Repeat doses risk overdose.<br/>EXP 02/2021","STOMAPROXIDAL<br/>Auto-injector, single dose. Press against skin. No syringe needed.<br/>What: Antipoison, strength 3 of 3.<br/>Use: severe food poisoning.<br/>Lasts: 15 min<br/>Warning: High toxicity (0.68 per dose). Repeat doses risk overdose.<br/>EXP 02/2021","STOMAPROXIDAL<br/>Auto-injector, single dose. Press against skin. No syringe needed.<br/>What: Antipoison, strength 3 of 3.<br/>Use: severe food poisoning.<br/>Lasts: 15 min<br/>Warning: High toxicity (0.68 per dose). Repeat doses risk overdose.<br/>EXP 02/2021","STOMAPROXIDAL<br/>Auto-injector, single dose. Press against skin. No syringe needed.<br/>What: Antipoison, strength 3 of 3.<br/>Use: severe food poisoning.<br/>Lasts: 15 min<br/>Warning: High toxicity (0.68 per dose). Repeat doses risk overdose.<br/>EXP 02/2021","STOMAPROXIDAL<br/>Auto-injector, single dose. Press against skin. No syringe needed.<br/>What: Antipoison, strength 3 of 3.<br/>Use: severe food poisoning.<br/>Lasts: 15 min<br/>Warning: High toxicity (0.68 per dose). Repeat doses risk overdose.<br/>EXP 02/2021","STOMAPROXIDAL<br/>Auto-injector, single dose. Press against skin. No syringe needed.<br/>What: Antipoison, strength 3 of 3.<br/>Use: severe food poisoning.<br/>Lasts: 15 min<br/>Warning: High toxicity (0.68 per dose). Repeat doses risk overdose.<br/>EXP 02/2021","STOMAPROXIDAL<br/>Auto-injector, single dose. Press against skin. No syringe needed.<br/>What: Antipoison, strength 3 of 3.<br/>Use: severe food poisoning.<br/>Lasts: 15 min<br/>Warning: High toxicity (0.68 per dose). Repeat doses risk overdose.<br/>EXP 02/2021","STOMAPROXIDAL<br/>Auto-injector, single dose. Press against skin. No syringe needed.<br/>What: Antipoison, strength 3 of 3.<br/>Use: severe food poisoning.<br/>Lasts: 15 min<br/>Warning: High toxicity (0.68 per dose). Repeat doses risk overdose.<br/>EXP 02/2021","STOMAPROXIDAL<br/>Auto-injector, single dose. Press against skin. No syringe needed.<br/>What: Antipoison, strength 3 of 3.<br/>Use: severe food poisoning.<br/>Lasts: 15 min<br/>Warning: High toxicity (0.68 per dose). Repeat doses risk overdose.<br/>EXP 02/2021",
"STR_MEDLBL_TERJEINJECTORRABINUCOLINE","RABINUCOLINE<br/>Auto-injector, single dose. Press against skin. No syringe needed.<br/>What: Rabies antibiotic, strength 3 of 3.<br/>Use: advanced rabies.<br/>Lasts: 15 min<br/>Warning: Very high toxicity (1.46 per dose). One dose can trigger overdose symptoms.<br/>EXP 08/2020","RABINUCOLINE<br/>Auto-injector, single dose. Press against skin. No syringe needed.<br/>What: Rabies antibiotic, strength 3 of 3.<br/>Use: advanced rabies.<br/>Lasts: 15 min<br/>Warning: Very high toxicity (1.46 per dose). One dose can trigger overdose symptoms.<br/>EXP 08/2020","RABINUCOLINE<br/>Auto-injector, single dose. Press against skin. No syringe needed.<br/>What: Rabies antibiotic, strength 3 of 3.<br/>Use: advanced rabies.<br/>Lasts: 15 min<br/>Warning: Very high toxicity (1.46 per dose). One dose can trigger overdose symptoms.<br/>EXP 08/2020","RABINUCOLINE<br/>Auto-injector, single dose. Press against skin. No syringe needed.<br/>What: Rabies antibiotic, strength 3 of 3.<br/>Use: advanced rabies.<br/>Lasts: 15 min<br/>Warning: Very high toxicity (1.46 per dose). One dose can trigger overdose symptoms.<br/>EXP 08/2020","RABINUCOLINE<br/>Auto-injector, single dose. Press against skin. No syringe needed.<br/>What: Rabies antibiotic, strength 3 of 3.<br/>Use: advanced rabies.<br/>Lasts: 15 min<br/>Warning: Very high toxicity (1.46 per dose). One dose can trigger overdose symptoms.<br/>EXP 08/2020","RABINUCOLINE<br/>Auto-injector, single dose. Press against skin. No syringe needed.<br/>What: Rabies antibiotic, strength 3 of 3.<br/>Use: advanced rabies.<br/>Lasts: 15 min<br/>Warning: Very high toxicity (1.46 per dose). One dose can trigger overdose symptoms.<br/>EXP 08/2020","RABINUCOLINE<br/>Auto-injector, single dose. Press against skin. No syringe needed.<br/>What: Rabies antibiotic, strength 3 of 3.<br/>Use: advanced rabies.<br/>Lasts: 15 min<br/>Warning: Very high toxicity (1.46 per dose). One dose can trigger overdose symptoms.<br/>EXP 08/2020","RABINUCOLINE<br/>Auto-injector, single dose. Press against skin. No syringe needed.<br/>What: Rabies antibiotic, strength 3 of 3.<br/>Use: advanced rabies.<br/>Lasts: 15 min<br/>Warning: Very high toxicity (1.46 per dose). One dose can trigger overdose symptoms.<br/>EXP 08/2020","RABINUCOLINE<br/>Auto-injector, single dose. Press against skin. No syringe needed.<br/>What: Rabies antibiotic, strength 3 of 3.<br/>Use: advanced rabies.<br/>Lasts: 15 min<br/>Warning: Very high toxicity (1.46 per dose). One dose can trigger overdose symptoms.<br/>EXP 08/2020","RABINUCOLINE<br/>Auto-injector, single dose. Press against skin. No syringe needed.<br/>What: Rabies antibiotic, strength 3 of 3.<br/>Use: advanced rabies.<br/>Lasts: 15 min<br/>Warning: Very high toxicity (1.46 per dose). One dose can trigger overdose symptoms.<br/>EXP 08/2020","RABINUCOLINE<br/>Auto-injector, single dose. Press against skin. No syringe needed.<br/>What: Rabies antibiotic, strength 3 of 3.<br/>Use: advanced rabies.<br/>Lasts: 15 min<br/>Warning: Very high toxicity (1.46 per dose). One dose can trigger overdose symptoms.<br/>EXP 08/2020","RABINUCOLINE<br/>Auto-injector, single dose. Press against skin. No syringe needed.<br/>What: Rabies antibiotic, strength 3 of 3.<br/>Use: advanced rabies.<br/>Lasts: 15 min<br/>Warning: Very high toxicity (1.46 per dose). One dose can trigger overdose symptoms.<br/>EXP 08/2020","RABINUCOLINE<br/>Auto-injector, single dose. Press against skin. No syringe needed.<br/>What: Rabies antibiotic, strength 3 of 3.<br/>Use: advanced rabies.<br/>Lasts: 15 min<br/>Warning: Very high toxicity (1.46 per dose). One dose can trigger overdose symptoms.<br/>EXP 08/2020","RABINUCOLINE<br/>Auto-injector, single dose. Press against skin. No syringe needed.<br/>What: Rabies antibiotic, strength 3 of 3.<br/>Use: advanced rabies.<br/>Lasts: 15 min<br/>Warning: Very high toxicity (1.46 per dose). One dose can trigger overdose symptoms.<br/>EXP 08/2020",
"STR_MEDLBL_TERJEINJECTORAMFITALICYNE","AMFITALICYNE<br/>Auto-injector, single dose. Press against skin. No syringe needed.<br/>What: Antidepressant, strength 3 of 3.<br/>Use: severe mental breakdown.<br/>Lasts: ~9 min<br/>Warning: Moderate toxicity (0.6 per dose). Do not stack doses.<br/>EXP 05/2021","AMFITALICYNE<br/>Auto-injector, single dose. Press against skin. No syringe needed.<br/>What: Antidepressant, strength 3 of 3.<br/>Use: severe mental breakdown.<br/>Lasts: ~9 min<br/>Warning: Moderate toxicity (0.6 per dose). Do not stack doses.<br/>EXP 05/2021","AMFITALICYNE<br/>Auto-injector, single dose. Press against skin. No syringe needed.<br/>What: Antidepressant, strength 3 of 3.<br/>Use: severe mental breakdown.<br/>Lasts: ~9 min<br/>Warning: Moderate toxicity (0.6 per dose). Do not stack doses.<br/>EXP 05/2021","AMFITALICYNE<br/>Auto-injector, single dose. Press against skin. No syringe needed.<br/>What: Antidepressant, strength 3 of 3.<br/>Use: severe mental breakdown.<br/>Lasts: ~9 min<br/>Warning: Moderate toxicity (0.6 per dose). Do not stack doses.<br/>EXP 05/2021","AMFITALICYNE<br/>Auto-injector, single dose. Press against skin. No syringe needed.<br/>What: Antidepressant, strength 3 of 3.<br/>Use: severe mental breakdown.<br/>Lasts: ~9 min<br/>Warning: Moderate toxicity (0.6 per dose). Do not stack doses.<br/>EXP 05/2021","AMFITALICYNE<br/>Auto-injector, single dose. Press against skin. No syringe needed.<br/>What: Antidepressant, strength 3 of 3.<br/>Use: severe mental breakdown.<br/>Lasts: ~9 min<br/>Warning: Moderate toxicity (0.6 per dose). Do not stack doses.<br/>EXP 05/2021","AMFITALICYNE<br/>Auto-injector, single dose. Press against skin. No syringe needed.<br/>What: Antidepressant, strength 3 of 3.<br/>Use: severe mental breakdown.<br/>Lasts: ~9 min<br/>Warning: Moderate toxicity (0.6 per dose). Do not stack doses.<br/>EXP 05/2021","AMFITALICYNE<br/>Auto-injector, single dose. Press against skin. No syringe needed.<br/>What: Antidepressant, strength 3 of 3.<br/>Use: severe mental breakdown.<br/>Lasts: ~9 min<br/>Warning: Moderate toxicity (0.6 per dose). Do not stack doses.<br/>EXP 05/2021","AMFITALICYNE<br/>Auto-injector, single dose. Press against skin. No syringe needed.<br/>What: Antidepressant, strength 3 of 3.<br/>Use: severe mental breakdown.<br/>Lasts: ~9 min<br/>Warning: Moderate toxicity (0.6 per dose). Do not stack doses.<br/>EXP 05/2021","AMFITALICYNE<br/>Auto-injector, single dose. Press against skin. No syringe needed.<br/>What: Antidepressant, strength 3 of 3.<br/>Use: severe mental breakdown.<br/>Lasts: ~9 min<br/>Warning: Moderate toxicity (0.6 per dose). Do not stack doses.<br/>EXP 05/2021","AMFITALICYNE<br/>Auto-injector, single dose. Press against skin. No syringe needed.<br/>What: Antidepressant, strength 3 of 3.<br/>Use: severe mental breakdown.<br/>Lasts: ~9 min<br/>Warning: Moderate toxicity (0.6 per dose). Do not stack doses.<br/>EXP 05/2021","AMFITALICYNE<br/>Auto-injector, single dose. Press against skin. No syringe needed.<br/>What: Antidepressant, strength 3 of 3.<br/>Use: severe mental breakdown.<br/>Lasts: ~9 min<br/>Warning: Moderate toxicity (0.6 per dose). Do not stack doses.<br/>EXP 05/2021","AMFITALICYNE<br/>Auto-injector, single dose. Press against skin. No syringe needed.<br/>What: Antidepressant, strength 3 of 3.<br/>Use: severe mental breakdown.<br/>Lasts: ~9 min<br/>Warning: Moderate toxicity (0.6 per dose). Do not stack doses.<br/>EXP 05/2021","AMFITALICYNE<br/>Auto-injector, single dose. Press against skin. No syringe needed.<br/>What: Antidepressant, strength 3 of 3.<br/>Use: severe mental breakdown.<br/>Lasts: ~9 min<br/>Warning: Moderate toxicity (0.6 per dose). Do not stack doses.<br/>EXP 05/2021",
"STR_MEDLBL_TERJEINJECTORNOVICHEK","NOVICHEK<br/>Auto-injector. NERVE AGENT.<br/>What: Nerve agent. Not a medicine.<br/>Use: nothing. Injection is fatal.<br/>Lasts: instant<br/>Warning: DANGER: toxicity 5.0 per dose. Overdose is near certain. Instant unconsciousness.<br/>EXP NONE","NOVICHEK<br/>Auto-injector. NERVE AGENT.<br/>What: Nerve agent. Not a medicine.<br/>Use: nothing. Injection is fatal.<br/>Lasts: instant<br/>Warning: DANGER: toxicity 5.0 per dose. Overdose is near certain. Instant unconsciousness.<br/>EXP NONE","NOVICHEK<br/>Auto-injector. NERVE AGENT.<br/>What: Nerve agent. Not a medicine.<br/>Use: nothing. Injection is fatal.<br/>Lasts: instant<br/>Warning: DANGER: toxicity 5.0 per dose. Overdose is near certain. Instant unconsciousness.<br/>EXP NONE","NOVICHEK<br/>Auto-injector. NERVE AGENT.<br/>What: Nerve agent. Not a medicine.<br/>Use: nothing. Injection is fatal.<br/>Lasts: instant<br/>Warning: DANGER: toxicity 5.0 per dose. Overdose is near certain. Instant unconsciousness.<br/>EXP NONE","NOVICHEK<br/>Auto-injector. NERVE AGENT.<br/>What: Nerve agent. Not a medicine.<br/>Use: nothing. Injection is fatal.<br/>Lasts: instant<br/>Warning: DANGER: toxicity 5.0 per dose. Overdose is near certain. Instant unconsciousness.<br/>EXP NONE","NOVICHEK<br/>Auto-injector. NERVE AGENT.<br/>What: Nerve agent. Not a medicine.<br/>Use: nothing. Injection is fatal.<br/>Lasts: instant<br/>Warning: DANGER: toxicity 5.0 per dose. Overdose is near certain. Instant unconsciousness.<br/>EXP NONE","NOVICHEK<br/>Auto-injector. NERVE AGENT.<br/>What: Nerve agent. Not a medicine.<br/>Use: nothing. Injection is fatal.<br/>Lasts: instant<br/>Warning: DANGER: toxicity 5.0 per dose. Overdose is near certain. Instant unconsciousness.<br/>EXP NONE","NOVICHEK<br/>Auto-injector. NERVE AGENT.<br/>What: Nerve agent. Not a medicine.<br/>Use: nothing. Injection is fatal.<br/>Lasts: instant<br/>Warning: DANGER: toxicity 5.0 per dose. Overdose is near certain. Instant unconsciousness.<br/>EXP NONE","NOVICHEK<br/>Auto-injector. NERVE AGENT.<br/>What: Nerve agent. Not a medicine.<br/>Use: nothing. Injection is fatal.<br/>Lasts: instant<br/>Warning: DANGER: toxicity 5.0 per dose. Overdose is near certain. Instant unconsciousness.<br/>EXP NONE","NOVICHEK<br/>Auto-injector. NERVE AGENT.<br/>What: Nerve agent. Not a medicine.<br/>Use: nothing. Injection is fatal.<br/>Lasts: instant<br/>Warning: DANGER: toxicity 5.0 per dose. Overdose is near certain. Instant unconsciousness.<br/>EXP NONE","NOVICHEK<br/>Auto-injector. NERVE AGENT.<br/>What: Nerve agent. Not a medicine.<br/>Use: nothing. Injection is fatal.<br/>Lasts: instant<br/>Warning: DANGER: toxicity 5.0 per dose. Overdose is near certain. Instant unconsciousness.<br/>EXP NONE","NOVICHEK<br/>Auto-injector. NERVE AGENT.<br/>What: Nerve agent. Not a medicine.<br/>Use: nothing. Injection is fatal.<br/>Lasts: instant<br/>Warning: DANGER: toxicity 5.0 per dose. Overdose is near certain. Instant unconsciousness.<br/>EXP NONE","NOVICHEK<br/>Auto-injector. NERVE AGENT.<br/>What: Nerve agent. Not a medicine.<br/>Use: nothing. Injection is fatal.<br/>Lasts: instant<br/>Warning: DANGER: toxicity 5.0 per dose. Overdose is near certain. Instant unconsciousness.<br/>EXP NONE","NOVICHEK<br/>Auto-injector. NERVE AGENT.<br/>What: Nerve agent. Not a medicine.<br/>Use: nothing. Injection is fatal.<br/>Lasts: instant<br/>Warning: DANGER: toxicity 5.0 per dose. Overdose is near certain. Instant unconsciousness.<br/>EXP NONE",
"STR_MEDLBL_TERJESALVEFINALGON","FINALGON<br/>Tube of ointment, 5 applications. Rub on bruised skin.<br/>What: Warming ointment for bruises.<br/>Use: healing hematomas from zombie hits and blunt weapons.<br/>Lasts: 5 min per application<br/>Warning: Low toxicity (0.01 per dose).<br/>EXP 09/2020","FINALGON<br/>Tube of ointment, 5 applications. Rub on bruised skin.<br/>What: Warming ointment for bruises.<br/>Use: healing hematomas from zombie hits and blunt weapons.<br/>Lasts: 5 min per application<br/>Warning: Low toxicity (0.01 per dose).<br/>EXP 09/2020","FINALGON<br/>Tube of ointment, 5 applications. Rub on bruised skin.<br/>What: Warming ointment for bruises.<br/>Use: healing hematomas from zombie hits and blunt weapons.<br/>Lasts: 5 min per application<br/>Warning: Low toxicity (0.01 per dose).<br/>EXP 09/2020","FINALGON<br/>Tube of ointment, 5 applications. Rub on bruised skin.<br/>What: Warming ointment for bruises.<br/>Use: healing hematomas from zombie hits and blunt weapons.<br/>Lasts: 5 min per application<br/>Warning: Low toxicity (0.01 per dose).<br/>EXP 09/2020","FINALGON<br/>Tube of ointment, 5 applications. Rub on bruised skin.<br/>What: Warming ointment for bruises.<br/>Use: healing hematomas from zombie hits and blunt weapons.<br/>Lasts: 5 min per application<br/>Warning: Low toxicity (0.01 per dose).<br/>EXP 09/2020","FINALGON<br/>Tube of ointment, 5 applications. Rub on bruised skin.<br/>What: Warming ointment for bruises.<br/>Use: healing hematomas from zombie hits and blunt weapons.<br/>Lasts: 5 min per application<br/>Warning: Low toxicity (0.01 per dose).<br/>EXP 09/2020","FINALGON<br/>Tube of ointment, 5 applications. Rub on bruised skin.<br/>What: Warming ointment for bruises.<br/>Use: healing hematomas from zombie hits and blunt weapons.<br/>Lasts: 5 min per application<br/>Warning: Low toxicity (0.01 per dose).<br/>EXP 09/2020","FINALGON<br/>Tube of ointment, 5 applications. Rub on bruised skin.<br/>What: Warming ointment for bruises.<br/>Use: healing hematomas from zombie hits and blunt weapons.<br/>Lasts: 5 min per application<br/>Warning: Low toxicity (0.01 per dose).<br/>EXP 09/2020","FINALGON<br/>Tube of ointment, 5 applications. Rub on bruised skin.<br/>What: Warming ointment for bruises.<br/>Use: healing hematomas from zombie hits and blunt weapons.<br/>Lasts: 5 min per application<br/>Warning: Low toxicity (0.01 per dose).<br/>EXP 09/2020","FINALGON<br/>Tube of ointment, 5 applications. Rub on bruised skin.<br/>What: Warming ointment for bruises.<br/>Use: healing hematomas from zombie hits and blunt weapons.<br/>Lasts: 5 min per application<br/>Warning: Low toxicity (0.01 per dose).<br/>EXP 09/2020","FINALGON<br/>Tube of ointment, 5 applications. Rub on bruised skin.<br/>What: Warming ointment for bruises.<br/>Use: healing hematomas from zombie hits and blunt weapons.<br/>Lasts: 5 min per application<br/>Warning: Low toxicity (0.01 per dose).<br/>EXP 09/2020","FINALGON<br/>Tube of ointment, 5 applications. Rub on bruised skin.<br/>What: Warming ointment for bruises.<br/>Use: healing hematomas from zombie hits and blunt weapons.<br/>Lasts: 5 min per application<br/>Warning: Low toxicity (0.01 per dose).<br/>EXP 09/2020","FINALGON<br/>Tube of ointment, 5 applications. Rub on bruised skin.<br/>What: Warming ointment for bruises.<br/>Use: healing hematomas from zombie hits and blunt weapons.<br/>Lasts: 5 min per application<br/>Warning: Low toxicity (0.01 per dose).<br/>EXP 09/2020","FINALGON<br/>Tube of ointment, 5 applications. Rub on bruised skin.<br/>What: Warming ointment for bruises.<br/>Use: healing hematomas from zombie hits and blunt weapons.<br/>Lasts: 5 min per application<br/>Warning: Low toxicity (0.01 per dose).<br/>EXP 09/2020",
"STR_MEDLBL_TERJESALVECAPSICUM","CAPSICUM<br/>Tube of ointment, 5 applications. Rub on bruised skin.<br/>What: Warming ointment for bruises.<br/>Use: healing hematomas from zombie hits and blunt weapons.<br/>Lasts: ~7 min per application<br/>Warning: Low toxicity (0.01 per dose).<br/>EXP 04/2021","CAPSICUM<br/>Tube of ointment, 5 applications. Rub on bruised skin.<br/>What: Warming ointment for bruises.<br/>Use: healing hematomas from zombie hits and blunt weapons.<br/>Lasts: ~7 min per application<br/>Warning: Low toxicity (0.01 per dose).<br/>EXP 04/2021","CAPSICUM<br/>Tube of ointment, 5 applications. Rub on bruised skin.<br/>What: Warming ointment for bruises.<br/>Use: healing hematomas from zombie hits and blunt weapons.<br/>Lasts: ~7 min per application<br/>Warning: Low toxicity (0.01 per dose).<br/>EXP 04/2021","CAPSICUM<br/>Tube of ointment, 5 applications. Rub on bruised skin.<br/>What: Warming ointment for bruises.<br/>Use: healing hematomas from zombie hits and blunt weapons.<br/>Lasts: ~7 min per application<br/>Warning: Low toxicity (0.01 per dose).<br/>EXP 04/2021","CAPSICUM<br/>Tube of ointment, 5 applications. Rub on bruised skin.<br/>What: Warming ointment for bruises.<br/>Use: healing hematomas from zombie hits and blunt weapons.<br/>Lasts: ~7 min per application<br/>Warning: Low toxicity (0.01 per dose).<br/>EXP 04/2021","CAPSICUM<br/>Tube of ointment, 5 applications. Rub on bruised skin.<br/>What: Warming ointment for bruises.<br/>Use: healing hematomas from zombie hits and blunt weapons.<br/>Lasts: ~7 min per application<br/>Warning: Low toxicity (0.01 per dose).<br/>EXP 04/2021","CAPSICUM<br/>Tube of ointment, 5 applications. Rub on bruised skin.<br/>What: Warming ointment for bruises.<br/>Use: healing hematomas from zombie hits and blunt weapons.<br/>Lasts: ~7 min per application<br/>Warning: Low toxicity (0.01 per dose).<br/>EXP 04/2021","CAPSICUM<br/>Tube of ointment, 5 applications. Rub on bruised skin.<br/>What: Warming ointment for bruises.<br/>Use: healing hematomas from zombie hits and blunt weapons.<br/>Lasts: ~7 min per application<br/>Warning: Low toxicity (0.01 per dose).<br/>EXP 04/2021","CAPSICUM<br/>Tube of ointment, 5 applications. Rub on bruised skin.<br/>What: Warming ointment for bruises.<br/>Use: healing hematomas from zombie hits and blunt weapons.<br/>Lasts: ~7 min per application<br/>Warning: Low toxicity (0.01 per dose).<br/>EXP 04/2021","CAPSICUM<br/>Tube of ointment, 5 applications. Rub on bruised skin.<br/>What: Warming ointment for bruises.<br/>Use: healing hematomas from zombie hits and blunt weapons.<br/>Lasts: ~7 min per application<br/>Warning: Low toxicity (0.01 per dose).<br/>EXP 04/2021","CAPSICUM<br/>Tube of ointment, 5 applications. Rub on bruised skin.<br/>What: Warming ointment for bruises.<br/>Use: healing hematomas from zombie hits and blunt weapons.<br/>Lasts: ~7 min per application<br/>Warning: Low toxicity (0.01 per dose).<br/>EXP 04/2021","CAPSICUM<br/>Tube of ointment, 5 applications. Rub on bruised skin.<br/>What: Warming ointment for bruises.<br/>Use: healing hematomas from zombie hits and blunt weapons.<br/>Lasts: ~7 min per application<br/>Warning: Low toxicity (0.01 per dose).<br/>EXP 04/2021","CAPSICUM<br/>Tube of ointment, 5 applications. Rub on bruised skin.<br/>What: Warming ointment for bruises.<br/>Use: healing hematomas from zombie hits and blunt weapons.<br/>Lasts: ~7 min per application<br/>Warning: Low toxicity (0.01 per dose).<br/>EXP 04/2021","CAPSICUM<br/>Tube of ointment, 5 applications. Rub on bruised skin.<br/>What: Warming ointment for bruises.<br/>Use: healing hematomas from zombie hits and blunt weapons.<br/>Lasts: ~7 min per application<br/>Warning: Low toxicity (0.01 per dose).<br/>EXP 04/2021",
"STR_MEDLBL_TERJESALVEVIPROSAL","VIPROSAL<br/>Tube of ointment, 5 applications. Rub on bruised skin.<br/>What: Snake venom ointment for bruises. Longest acting.<br/>Use: healing hematomas from zombie hits and blunt weapons.<br/>Lasts: 10 min per application<br/>Warning: Low toxicity (0.01 per dose).<br/>EXP 01/2020","VIPROSAL<br/>Tube of ointment, 5 applications. Rub on bruised skin.<br/>What: Snake venom ointment for bruises. Longest acting.<br/>Use: healing hematomas from zombie hits and blunt weapons.<br/>Lasts: 10 min per application<br/>Warning: Low toxicity (0.01 per dose).<br/>EXP 01/2020","VIPROSAL<br/>Tube of ointment, 5 applications. Rub on bruised skin.<br/>What: Snake venom ointment for bruises. Longest acting.<br/>Use: healing hematomas from zombie hits and blunt weapons.<br/>Lasts: 10 min per application<br/>Warning: Low toxicity (0.01 per dose).<br/>EXP 01/2020","VIPROSAL<br/>Tube of ointment, 5 applications. Rub on bruised skin.<br/>What: Snake venom ointment for bruises. Longest acting.<br/>Use: healing hematomas from zombie hits and blunt weapons.<br/>Lasts: 10 min per application<br/>Warning: Low toxicity (0.01 per dose).<br/>EXP 01/2020","VIPROSAL<br/>Tube of ointment, 5 applications. Rub on bruised skin.<br/>What: Snake venom ointment for bruises. Longest acting.<br/>Use: healing hematomas from zombie hits and blunt weapons.<br/>Lasts: 10 min per application<br/>Warning: Low toxicity (0.01 per dose).<br/>EXP 01/2020","VIPROSAL<br/>Tube of ointment, 5 applications. Rub on bruised skin.<br/>What: Snake venom ointment for bruises. Longest acting.<br/>Use: healing hematomas from zombie hits and blunt weapons.<br/>Lasts: 10 min per application<br/>Warning: Low toxicity (0.01 per dose).<br/>EXP 01/2020","VIPROSAL<br/>Tube of ointment, 5 applications. Rub on bruised skin.<br/>What: Snake venom ointment for bruises. Longest acting.<br/>Use: healing hematomas from zombie hits and blunt weapons.<br/>Lasts: 10 min per application<br/>Warning: Low toxicity (0.01 per dose).<br/>EXP 01/2020","VIPROSAL<br/>Tube of ointment, 5 applications. Rub on bruised skin.<br/>What: Snake venom ointment for bruises. Longest acting.<br/>Use: healing hematomas from zombie hits and blunt weapons.<br/>Lasts: 10 min per application<br/>Warning: Low toxicity (0.01 per dose).<br/>EXP 01/2020","VIPROSAL<br/>Tube of ointment, 5 applications. Rub on bruised skin.<br/>What: Snake venom ointment for bruises. Longest acting.<br/>Use: healing hematomas from zombie hits and blunt weapons.<br/>Lasts: 10 min per application<br/>Warning: Low toxicity (0.01 per dose).<br/>EXP 01/2020","VIPROSAL<br/>Tube of ointment, 5 applications. Rub on bruised skin.<br/>What: Snake venom ointment for bruises. Longest acting.<br/>Use: healing hematomas from zombie hits and blunt weapons.<br/>Lasts: 10 min per application<br/>Warning: Low toxicity (0.01 per dose).<br/>EXP 01/2020","VIPROSAL<br/>Tube of ointment, 5 applications. Rub on bruised skin.<br/>What: Snake venom ointment for bruises. Longest acting.<br/>Use: healing hematomas from zombie hits and blunt weapons.<br/>Lasts: 10 min per application<br/>Warning: Low toxicity (0.01 per dose).<br/>EXP 01/2020","VIPROSAL<br/>Tube of ointment, 5 applications. Rub on bruised skin.<br/>What: Snake venom ointment for bruises. Longest acting.<br/>Use: healing hematomas from zombie hits and blunt weapons.<br/>Lasts: 10 min per application<br/>Warning: Low toxicity (0.01 per dose).<br/>EXP 01/2020","VIPROSAL<br/>Tube of ointment, 5 applications. Rub on bruised skin.<br/>What: Snake venom ointment for bruises. Longest acting.<br/>Use: healing hematomas from zombie hits and blunt weapons.<br/>Lasts: 10 min per application<br/>Warning: Low toxicity (0.01 per dose).<br/>EXP 01/2020","VIPROSAL<br/>Tube of ointment, 5 applications. Rub on bruised skin.<br/>What: Snake venom ointment for bruises. Longest acting.<br/>Use: healing hematomas from zombie hits and blunt weapons.<br/>Lasts: 10 min per application<br/>Warning: Low toxicity (0.01 per dose).<br/>EXP 01/2020",
